,USStockCode
0,A
1,AA
2,AABA
3,AAC
4,AAL
5,AAMC
6,AAME
7,AAN
8,AAOI
9,AAON
10,AAP
11,AAPL
12,AAT
13,AAU
14,AAWW
15,AAXJ
16,AAXN
17,AB
18,ABB
19,ABBV
20,ABC
21,ABCB
22,ABDC
23,ABEO
24,ABEOW
25,ABEV
26,ABG
27,ABIL
28,ABIO
29,ABM
30,ABMD
31,ABR
32,ABT
33,ABTX
34,ABUS
35,AC
36,ACA
37,ACAD
38,ACAMU
39,ACB
40,ACBI
41,ACC
42,ACCO
43,ACER
44,ACGL
45,ACGLO
46,ACGLP
47,ACH
48,ACHC
49,ACHN
50,ACHV
51,ACIA
52,ACIU
53,ACIW
54,ACLS
55,ACM
56,ACMR
57,ACN
58,ACNB
59,ACOR
60,ACP
61,ACRE
62,ACRS
63,ACRX
64,ACST
65,ACT
66,ACTG
67,ACU
68,ACV
69,ACWI
70,ACWX
71,ACY
72,ADAP
73,ADBE
74,ADC
75,ADES
76,ADI
77,ADIL
78,ADILW
79,ADM
80,ADMA
81,ADMP
82,ADMS
83,ADNT
84,ADOM
85,ADP
86,ADRA
87,ADRD
88,ADRE
89,ADRO
90,ADRU
91,ADS
92,ADSK
93,ADSW
94,ADT
95,ADTN
96,ADUS
97,ADVM
98,ADX
99,ADXS
100,AE
101,AEB
102,AED
103,AEE
104,AEF
105,AEG
106,AEGN
107,AEH
108,AEHR
109,AEIS
110,AEL
111,AEM
112,AEMD
113,AEO
114,AEP
115,AER
116,AERI
117,AES
118,AETI
119,AEY
120,AEYE
121,AEZS
122,AFB
123,AFC
124,AFG
125,AFGB
126,AFGE
127,AFGH
128,AFH
129,AFHBL
130,AFI
131,AFIN
132,AFINP
133,AFL
134,AFMD
135,AFT
136,AG
137,AGCO
138,AGD
139,AGE
140,AGEN
141,AGFS
142,AGFSW
143,AGI
144,AGIO
145,AGLE
146,AGM
147,AGMH
148,AGN
149,AGNC
150,AGNCB
151,AGNCM
152,AGNCN
153,AGND
154,AGO
155,AGR
156,AGRO
157,AGRX
158,AGS
159,AGTC
160,AGX
161,AGYS
162,AGZD
163,AHC
164,AHH
165,AHL
166,AHPI
167,AHT
168,AI
169,AIA
170,AIC
171,AIF
172,AIG
173,AIHS
174,AIMC
175,AIMT
176,AIN
177,AINC
178,AINV
179,AIPT
180,AIQ
181,AIR
182,AIRG
183,AIRI
184,AIRR
185,AIRT
186,AIT
187,AIV
188,AIW
189,AIY
190,AIZ
191,AIZP
192,AJG
193,AJRD
194,AJX
195,AJXA
196,AKAM
197,AKAO
198,AKBA
199,AKCA
200,AKER
201,AKG
202,AKO
203,AKP
204,AKR
205,AKRX
206,AKS
207,AKTS
208,AKTX
209,AL
210,ALAC
211,ALACR
212,ALACU
213,ALACW
214,ALB
215,ALBO
216,ALCO
217,ALDR
218,ALDX
219,ALE
220,ALEC
221,ALEX
222,ALG
223,ALGN
224,ALGR
225,ALGRR
226,ALGRU
227,ALGRW
228,ALGT
229,ALIM
230,ALIT
231,ALJJ
232,ALK
233,ALKS
234,ALL
235,ALLE
236,ALLK
237,ALLO
238,ALLT
239,ALLY
240,ALNA
241,ALNY
242,ALO
243,ALOT
244,ALP
245,ALPN
246,ALQA
247,ALRM
248,ALRN
249,ALSK
250,ALSN
251,ALT
252,ALTM
253,ALTR
254,ALTY
255,ALV
256,ALX
257,ALXN
258,ALYA
259,AM
260,AMAG
261,AMAL
262,AMAT
263,AMBA
264,AMBC
265,AMBCW
266,AMBO
267,AMBR
268,AMC
269,AMCA
270,AMCI
271,AMCIU
272,AMCIW
273,AMCN
274,AMCX
275,AMD
276,AME
277,AMED
278,AMEH
279,AMG
280,AMGN
281,AMH
282,AMID
283,AMKR
284,AMN
285,AMNB
286,AMOT
287,AMOV
288,AMP
289,AMPE
290,AMPH
291,AMR
292,AMRB
293,AMRC
294,AMRH
295,AMRHW
296,AMRK
297,AMRN
298,AMRS
299,AMRWW
300,AMRX
301,AMS
302,AMSC
303,AMSF
304,AMSWA
305,AMT
306,AMTB
307,AMTBB
308,AMTD
309,AMTX
310,AMWD
311,AMX
312,AMZN
313,AN
314,ANAB
315,ANAT
316,ANCN
317,ANDA
318,ANDAR
319,ANDAU
320,ANDAW
321,ANDE
322,ANDX
323,ANET
324,ANF
325,ANFI
326,ANGI
327,ANGO
328,ANH
329,ANIK
330,ANIP
331,ANIX
332,ANSS
333,ANTM
334,ANY
335,AOBC
336,AOD
337,AON
338,AOS
339,AOSL
340,AP
341,APA
342,APAM
343,APC
344,APD
345,APDN
346,APDNW
347,APEI
348,APEN
349,APF
350,APH
351,APHA
352,APHB
353,APLE
354,APLS
355,APM
356,APO
357,APOG
358,APOP
359,APOPW
360,APPF
361,APPN
362,APPS
363,APRN
364,APT
365,APTO
366,APTS
367,APTV
368,APTX
369,APU
370,APVO
371,APWC
372,APY
373,APYX
374,AQ
375,AQB
376,AQMS
377,AQN
378,AQNA
379,AQST
380,AQUA
381,AQXP
382,AR
383,ARA
384,ARAV
385,ARAY
386,ARC
387,ARCB
388,ARCC
389,ARCE
390,ARCH
391,ARCI
392,ARCO
393,ARCT
394,ARCW
395,ARD
396,ARDC
397,ARDS
398,ARDX
399,ARE
400,AREC
401,ARES
402,AREX
403,ARGD
404,ARGO
405,ARGX
406,ARI
407,ARKR
408,ARL
409,ARLO
410,ARLP
411,ARMK
412,ARNA
413,ARNC
414,AROC
415,AROW
416,ARPO
417,ARQL
418,ARR
419,ARRY
420,ARTNA
421,ARTW
422,ARTX
423,ARVN
424,ARW
425,ARWR
426,ARYA
427,ARYAU
428,ARYAW
429,ASA
430,ASB
431,ASC
432,ASCMA
433,ASET
434,ASFI
435,ASG
436,ASGN
437,ASH
438,ASIX
439,ASLN
440,ASM
441,ASMB
442,ASML
443,ASNA
444,ASND
445,ASPN
446,ASPS
447,ASPU
448,ASR
449,ASRT
450,ASRV
451,ASRVP
452,ASTC
453,ASTE
454,ASUR
455,ASV
456,ASX
457,ASYS
458,AT
459,ATAI
460,ATAX
461,ATEC
462,ATEN
463,ATEST
464,ATGE
465,ATH
466,ATHM
467,ATHX
468,ATI
469,ATIS
470,ATISW
471,ATKR
472,ATLC
473,ATLO
474,ATNI
475,ATNM
476,ATNX
477,ATO
478,ATOM
479,ATOS
480,ATR
481,ATRA
482,ATRC
483,ATRI
484,ATRO
485,ATRS
486,ATSG
487,ATTO
488,ATTU
489,ATU
490,ATUS
491,ATV
492,ATVI
493,ATXI
494,AU
495,AUBN
496,AUDC
497,AUG
498,AUMN
499,AUO
500,AUPH
501,AUTL
502,AUTO
503,AUY
504,AVA
505,AVAL
506,AVAV
507,AVB
508,AVCO
509,AVD
510,AVDL
511,AVDR
512,AVEO
513,AVGO
514,AVGR
515,AVH
516,AVID
517,AVK
518,AVLR
519,AVNS
520,AVNW
521,AVP
522,AVRO
523,AVT
524,AVX
525,AVXL
526,AVY
527,AVYA
528,AWF
529,AWI
530,AWK
531,AWP
532,AWR
533,AWRE
534,AWSM
535,AWX
536,AX
537,AXAS
538,AXDX
539,AXE
540,AXGN
541,AXGT
542,AXL
543,AXNX
544,AXO
545,AXP
546,AXR
547,AXS
548,AXSM
549,AXTA
550,AXTI
551,AXU
552,AY
553,AYI
554,AYR
555,AYTU
556,AYX
557,AZN
558,AZO
559,AZPN
560,AZRE
561,AZRX
562,AZUL
563,AZZ
564,B
565,BA
566,BABA
567,BABY
568,BAC
569,BAF
570,BAH
571,BAK
572,BAM
573,BANC
574,BAND
575,BANF
576,BANFP
577,BANR
578,BANX
579,BAP
580,BAS
581,BASI
582,BATRA
583,BATRK
584,BAX
585,BB
586,BBBY
587,BBC
588,BBCP
589,BBD
590,BBDC
591,BBDO
592,BBF
593,BBGI
594,BBH
595,BBK
596,BBL
597,BBN
598,BBP
599,BBSI
600,BBT
601,BBU
602,BBVA
603,BBW
604,BBX
605,BBY
606,BC
607,BCAC
608,BCACR
609,BCACU
610,BCACW
611,BCBP
612,BCC
613,BCE
614,BCEI
615,BCH
616,BCLI
617,BCML
618,BCNA
619,BCO
620,BCOM
621,BCOR
622,BCOV
623,BCOW
624,BCPC
625,BCRH
626,BCRX
627,BCS
628,BCSF
629,BCTF
630,BCV
631,BCX
632,BDC
633,BDGE
634,BDJ
635,BDL
636,BDN
637,BDR
638,BDSI
639,BDX
640,BDXA
641,BE
642,BEAT
643,BECN
644,BEDU
645,BEL
646,BELFA
647,BELFB
648,BEN
649,BEP
650,BERY
651,BEST
652,BF
653,BFAM
654,BFC
655,BFIN
656,BFIT
657,BFK
658,BFL
659,BFO
660,BFR
661,BFRA
662,BFS
663,BFST
664,BFY
665,BFZ
666,BG
667,BGB
668,BGCP
669,BGFV
670,BGG
671,BGH
672,BGI
673,BGIO
674,BGNE
675,BGR
676,BGRN
677,BGS
678,BGSF
679,BGT
680,BGX
681,BGY
682,BH
683,BHB
684,BHC
685,BHE
686,BHF
687,BHFAL
688,BHFAP
689,BHGE
690,BHK
691,BHLB
692,BHP
693,BHR
694,BHTG
695,BHV
696,BHVN
697,BIB
698,BICK
699,BID
700,BIDU
701,BIF
702,BIG
703,BIIB
704,BILI
705,BIMI
706,BIO
707,BIOC
708,BIOL
709,BIOS
710,BIOX
711,BIP
712,BIQI
713,BIS
714,BIT
715,BITA
716,BJ
717,BJRI
718,BK
719,BKCC
720,BKCH
721,BKD
722,BKE
723,BKEP
724,BKEPP
725,BKH
726,BKI
727,BKJ
728,BKK
729,BKN
730,BKNG
731,BKS
732,BKSC
733,BKT
734,BKTI
735,BKU
736,BKYI
737,BL
738,BLBD
739,BLCM
740,BLCN
741,BLD
742,BLDP
743,BLDR
744,BLE
745,BLFS
746,BLIN          
747,BLK
748,BLKB
749,BLL
750,BLMN
751,BLNK
752,BLNKW
753,BLPH
754,BLRX
755,BLUE
756,BLW
757,BLX
758,BMA
759,BMCH
760,BME
761,BMI
762,BML
763,BMLP
764,BMO
765,BMRA
766,BMRC
767,BMRN
768,BMS
769,BMTC
770,BMY
771,BND
772,BNDW
773,BNDX
774,BNED
775,BNFT
776,BNGO
777,BNGOW
778,BNS
779,BNSO
780,BNTC
781,BNTCW
782,BNY
783,BOCH
784,BOE
785,BOH
786,BOKF
787,BOKFL
788,BOLD
789,BOMN
790,BOOM
791,BOOT
792,BORN
793,BOSC
794,BOTJ
795,BOTZ
796,BOX
797,BOXL
798,BP
799,BPFH
800,BPI
801,BPL
802,BPMC
803,BPMP
804,BPMX
805,BPOP
806,BPOPM
807,BPOPN
808,BPR
809,BPRAP
810,BPRN
811,BPT
812,BPTH
813,BPY
814,BPYPP
815,BQH
816,BR
817,BRAC
818,BRACR
819,BRACU
820,BRACW
821,BRC
822,BREW
823,BRFS
824,BRG
825,BRID
826,BRK
827,BRKL
828,BRKR
829,BRKS
830,BRN
831,BRO
832,BRPA
833,BRPAR
834,BRPAU
835,BRPAW
836,BRQS
837,BRS
838,BRSS
839,BRT
840,BRX
841,BRY
842,BSA
843,BSAC
844,BSBR
845,BSD
846,BSE
847,BSET
848,BSGM
849,BSIG
850,BSL
851,BSM
852,BSMX
853,BSQR
854,BSRR
855,BST
856,BSTC
857,BSVN
858,BSX
859,BT
860,BTA
861,BTAI
862,BTE
863,BTEC
864,BTG
865,BTI
866,BTN
867,BTO
868,BTT
869,BTU
870,BTX
871,BTZ
872,BUD
873,BUI
874,BURG
875,BURL
876,BUSE
877,BV
878,BVN
879,BVNSC
880,BVSN
881,BVXV
882,BVXVW
883,BW
884,BWA
885,BWB
886,BWEN
887,BWFG
888,BWG
889,BWL
890,BWMC
891,BWMCU
892,BWMCW
893,BWXT
894,BX
895,BXC
896,BXG
897,BXMT
898,BXMX
899,BXP
900,BXS
901,BY
902,BYD
903,BYFC
904,BYM
905,BYSI
906,BZH
907,BZM
908,BZUN
909,C
910,CAAP
911,CAAS
912,CABO
913,CAC
914,CACC
915,CACG
916,CACI
917,CADC
918,CADE
919,CAE
920,CAF
921,CAG
922,CAH
923,CAI
924,CAJ
925,CAKE
926,CAL
927,CALA
928,CALM
929,CALX
930,CAMP
931,CAMT
932,CANF
933,CANG
934,CAPL
935,CAPR
936,CAR
937,CARA
938,CARB
939,CARE
940,CARG
941,CARO
942,CARS
943,CART
944,CARV
945,CARZ
946,CASA
947,CASH
948,CASI
949,CASM
950,CASS
951,CASY
952,CAT
953,CATB
954,CATC
955,CATH
956,CATM
957,CATO
958,CATS
959,CATY
960,CAW
961,CB
962,CBAN
963,CBAT
964,CBAY
965,CBB
966,CBD
967,CBFV
968,CBH
969,CBIO
970,CBK
971,CBL
972,CBLI
973,CBLK
974,CBM
975,CBMB
976,CBMG
977,CBNK
978,CBO
979,CBOE
980,CBPO
981,CBPX
982,CBRE
983,CBRL
984,CBS
985,CBSH
986,CBSHP
987,CBT
988,CBTX
989,CBU
990,CBX
991,CBZ
992,CC
993,CCA
994,CCB
995,CCBG
996,CCC
997,CCCL
998,CCD
999,CCEP
1000,CCF
1001,CCH
1002,CCI
1003,CCIH
1004,CCJ
1005,CCK
1006,CCL
1007,CCLP
1008,CCM
1009,CCMP
1010,CCNE
1011,CCNI
1012,CCO
1013,CCOI
1014,CCR
1015,CCRC
1016,CCRN
1017,CCS
1018,CCU
1019,CCXI
1020,CCZ
1021,CDAY
1022,CDC
1023,CDE
1024,CDEV
1025,CDK
1026,CDL
1027,CDLX
1028,CDMO
1029,CDMOP
1030,CDNA
1031,CDNS
1032,CDOR
1033,CDR
1034,CDTX
1035,CDW
1036,CDXC
1037,CDXS
1038,CDZI
1039,CE
1040,CEA
1041,CECE
1042,CECO
1043,CEE
1044,CEI
1045,CEIX
1046,CEL
1047,CELC
1048,CELG
1049,CELGZ
1050,CELH
1051,CELP
1052,CEM
1053,CEMI
1054,CEN
1055,CENT
1056,CENTA
1057,CENX
1058,CEO
1059,CEPU
1060,CEQP
1061,CERC
1062,CERN
1063,CERS
1064,CET
1065,CETV
1066,CETX
1067,CETXP
1068,CETXW
1069,CEV
1070,CEVA
1071,CEY
1072,CEZ
1073,CF
1074,CFA
1075,CFBI
1076,CFBK
1077,CFFA
1078,CFFAU
1079,CFFAW
1080,CFFI
1081,CFFN
1082,CFG
1083,CFMS
1084,CFO
1085,CFR
1086,CFRX
1087,CFX
1088,CFXA
1089,CG
1090,CGA
1091,CGBD
1092,CGC
1093,CGEN
1094,CGIX
1095,CGNX
1096,CGO
1097,CGVIC
1098,CHA
1099,CHAC
1100,CHAP
1101,CHCI
1102,CHCO
1103,CHCT
1104,CHD
1105,CHDN
1106,CHE
1107,CHEF
1108,CHEK
1109,CHEKW
1110,CHEKZ
1111,CHFC
1112,CHFS
1113,CHGG
1114,CHH
1115,CHI
1116,CHIC
1117,CHK
1118,CHKE
1119,CHKP
1120,CHKR
1121,CHL
1122,CHMA
1123,CHMG
1124,CHMI
1125,CHN
1126,CHNA
1127,CHNR
1128,CHRA
1129,CHRS
1130,CHRW
1131,CHS
1132,CHSCL
1133,CHSCM
1134,CHSCN
1135,CHSCO
1136,CHSCP
1137,CHSP
1138,CHT
1139,CHTR
1140,CHU
1141,CHUY
1142,CHW
1143,CHY
1144,CI
1145,CIA
1146,CIB
1147,CIBR
1148,CIC
1149,CID
1150,CIDM
1151,CIEN
1152,CIF
1153,CIFS
1154,CIG
1155,CIGI
1156,CII
1157,CIK
1158,CIL
1159,CIM
1160,CINF
1161,CINR
1162,CIO
1163,CIR
1164,CISN
1165,CIT
1166,CIVB
1167,CIVBP
1168,CIVEC
1169,CIX
1170,CIZ
1171,CIZN
1172,CJ
1173,CJJD
1174,CKH
1175,CKPT
1176,CKX
1177,CL
1178,CLAR
1179,CLB
1180,CLBK
1181,CLBS
1182,CLCT
1183,CLDB
1184,CLDC
1185,CLDR
1186,CLDT
1187,CLDX
1188,CLF
1189,CLFD
1190,CLGN
1191,CLGX
1192,CLH
1193,CLI
1194,CLIR
1195,CLLS
1196,CLM
1197,CLMT
1198,CLNC
1199,CLNE
1200,CLNY
1201,CLPR
1202,CLPS
1203,CLR
1204,CLRB
1205,CLRBW
1206,CLRBZ
1207,CLRG
1208,CLRO
1209,CLS
1210,CLSD
1211,CLSN
1212,CLUB
1213,CLVS
1214,CLW
1215,CLWT
1216,CLX
1217,CLXT
1218,CM
1219,CMA
1220,CMC
1221,CMCL
1222,CMCM
1223,CMCO
1224,CMCSA
1225,CMCT
1226,CMCTP
1227,CMD
1228,CME
1229,CMFN
1230,CMFNL
1231,CMG
1232,CMI
1233,CMLS
1234,CMO
1235,CMP
1236,CMPR
1237,CMRE
1238,CMRX
1239,CMS
1240,CMSA
1241,CMSC
1242,CMSD
1243,CMSS
1244,CMSSR
1245,CMSSU
1246,CMSSW
1247,CMT
1248,CMTA
1249,CMTL
1250,CMU
1251,CNA
1252,CNAC
1253,CNACR
1254,CNACU
1255,CNACW
1256,CNAT
1257,CNBKA
1258,CNC
1259,CNCE
1260,CNCR
1261,CNDT
1262,CNET
1263,CNF
1264,CNFR
1265,CNFRL
1266,CNHI
1267,CNI
1268,CNK
1269,CNMD
1270,CNNE
1271,CNO
1272,CNOB
1273,CNP
1274,CNQ
1275,CNS
1276,CNSL
1277,CNST
1278,CNTF
1279,CNTY
1280,CNX
1281,CNXM
1282,CNXN
1283,CO
1284,COCP
1285,CODA
1286,CODI
1287,CODX
1288,COE
1289,COF
1290,COG
1291,COHN
1292,COHR
1293,COHU
1294,COKE
1295,COLB
1296,COLD
1297,COLL
1298,COLM
1299,COMM
1300,COMT
1301,CONE
1302,CONN
1303,COO
1304,COOP
1305,COP
1306,COR
1307,CORE
1308,CORR
1309,CORT
1310,CORV
1311,COST
1312,COT
1313,COTY
1314,COUP
1315,COWN
1316,COWNL
1317,COWNZ
1318,CP
1319,CPA
1320,CPAC
1321,CPAH
1322,CPB
1323,CPE
1324,CPF
1325,CPG
1326,CPHC
1327,CPHI
1328,CPIX
1329,CPK
1330,CPL
1331,CPLG
1332,CPLP
1333,CPRI
1334,CPRT
1335,CPRX
1336,CPS
1337,CPSH
1338,CPSI
1339,CPSS
1340,CPST
1341,CPT
1342,CPTA
1343,CPTAG
1344,CPTAL
1345,CQP
1346,CR
1347,CRAI
1348,CRAY
1349,CRBP
1350,CRC
1351,CRCM
1352,CRD
1353,CREE
1354,CREG
1355,CRESY
1356,CREX
1357,CREXW
1358,CRF
1359,CRH
1360,CRHM
1361,CRI
1362,CRIS
1363,CRK
1364,CRL
1365,CRM
1366,CRMD
1367,CRMT
1368,CRNT
1369,CRNX
1370,CRON
1371,CROX
1372,CRR
1373,CRS
1374,CRSAU
1375,CRSP
1376,CRT
1377,CRTO
1378,CRUS
1379,CRUSC
1380,CRVL
1381,CRVS
1382,CRWS
1383,CRY
1384,CRZO
1385,CS
1386,CSA
1387,CSB
1388,CSBR
1389,CSCO
1390,CSF
1391,CSFL
1392,CSGP
1393,CSGS
1394,CSII
1395,CSIQ
1396,CSL
1397,CSLT
1398,CSML
1399,CSOD
1400,CSPI
1401,CSQ
1402,CSS
1403,CSSE
1404,CSSEP
1405,CSTE
1406,CSTM
1407,CSTR
1408,CSU
1409,CSV
1410,CSWC
1411,CSWCL
1412,CSWI
1413,CSX
1414,CTAA
1415,CTAC
1416,CTACU
1417,CTACW
1418,CTAS
1419,CTB
1420,CTBB
1421,CTBI
1422,CTDD
1423,CTEK
1424,CTG
1425,CTHR
1426,CTIB
1427,CTIC
1428,CTK
1429,CTL
1430,CTLT
1431,CTMX
1432,CTO
1433,CTR
1434,CTRA
1435,CTRC
1436,CTRE
1437,CTRL
1438,CTRM
1439,CTRN
1440,CTRP
1441,CTRV
1442,CTS
1443,CTSH
1444,CTSO
1445,CTST
1446,CTT           
1447,CTV
1448,CTWS
1449,CTXR
1450,CTXRW
1451,CTXS
1452,CTY
1453,CTZ
1454,CUB
1455,CUBA
1456,CUBE
1457,CUBI
1458,CUE
1459,CUI
1460,CUK
1461,CULP
1462,CUO
1463,CUR
1464,CURO
1465,CUTR
1466,CUZ
1467,CVA
1468,CVBF
1469,CVCO
1470,CVCY
1471,CVE
1472,CVEO
1473,CVET
1474,CVGI
1475,CVGW
1476,CVI
1477,CVIA
1478,CVLT
1479,CVLY
1480,CVM
1481,CVNA
1482,CVR
1483,CVRS
1484,CVS
1485,CVTI
1486,CVU
1487,CVV
1488,CVX
1489,CW
1490,CWBC
1491,CWBR
1492,CWCO
1493,CWEN
1494,CWH
1495,CWK
1496,CWST
1497,CWT
1498,CX
1499,CXDC
1500,CXE
1501,CXH
1502,CXO
1503,CXP
1504,CXSE
1505,CXW
1506,CY
1507,CYAD
1508,CYAN
1509,CYBE
1510,CYBR
1511,CYCC
1512,CYCCP
1513,CYCN
1514,CYD
1515,CYH
1516,CYOU
1517,CYRN
1518,CYRX
1519,CYRXW
1520,CYTK
1521,CYTR
1522,CYTX
1523,CYTXZ
1524,CZFC
1525,CZNC
1526,CZR
1527,CZWI
1528,CZZ
1529,D
1530,DAC
1531,DAIO
1532,DAKT
1533,DAL
1534,DALI
1535,DAN
1536,DAR
1537,DARE
1538,DATA
1539,DAVA
1540,DAVE
1541,DAX
1542,DB
1543,DBD
1544,DBI
1545,DBL
1546,DBVT
1547,DBX
1548,DCAR
1549,DCF
1550,DCI
1551,DCIX
1552,DCO
1553,DCOM
1554,DCP
1555,DCPH
1556,DCUD
1557,DD
1558,DDD
1559,DDF
1560,DDIV
1561,DDMX
1562,DDMXU
1563,DDMXW
1564,DDS
1565,DDT
1566,DE
1567,DEA
1568,DECK
1569,DEI
1570,DELL
1571,DENN
1572,DEO
1573,DERM
1574,DESP
1575,DEST
1576,DEX
1577,DF
1578,DFBH
1579,DFBHU
1580,DFBHW
1581,DFFN
1582,DFIN
1583,DFNL
1584,DFP
1585,DFRG
1586,DFS
1587,DFVL
1588,DFVS
1589,DG
1590,DGICA
1591,DGICB
1592,DGII
1593,DGLD
1594,DGLY
1595,DGRE
1596,DGRS
1597,DGRW
1598,DGSE
1599,DGX
1600,DHF
1601,DHI
1602,DHIL
1603,DHR
1604,DHT
1605,DHX
1606,DHXM
1607,DHY
1608,DIAX
1609,DIN
1610,DINT
1611,DIOD
1612,DIS
1613,DISCA
1614,DISCB
1615,DISCK
1616,DISH
1617,DIT
1618,DJCO
1619,DK
1620,DKL
1621,DKS
1622,DKT
1623,DL
1624,DLA
1625,DLB
1626,DLBS
1627,DLHC
1628,DLNG
1629,DLPH
1630,DLPN
1631,DLPNW
1632,DLR
1633,DLTH
1634,DLTR
1635,DLX
1636,DMAC
1637,DMB
1638,DMF
1639,DMLP
1640,DMO
1641,DMPI
1642,DMRC
1643,DNBF
1644,DNI
1645,DNJR
1646,DNKN
1647,DNLI
1648,DNN
1649,DNOW
1650,DNP
1651,DNR
1652,DO
1653,DOC
1654,DOCU
1655,DOGZ
1656,DOMO
1657,DOOO
1658,DOOR
1659,DORM
1660,DOV
1661,DOVA
1662,DOW
1663,DOX
1664,DPG
1665,DPHCU
1666,DPLO
1667,DPW
1668,DPZ
1669,DQ
1670,DRAD
1671,DRD
1672,DRE
1673,DRH
1674,DRI
1675,DRIO
1676,DRIOW
1677,DRIV
1678,DRNA
1679,DRQ
1680,DRRX
1681,DRUA
1682,DRYS
1683,DS
1684,DSE
1685,DSGX
1686,DSKE
1687,DSKEW
1688,DSL
1689,DSLV
1690,DSM
1691,DSPG
1692,DSS
1693,DSSI
1694,DSU
1695,DSWL
1696,DSX
1697,DTE
1698,DTEA
1699,DTF
1700,DTIL
1701,DTJ
1702,DTLA
1703,DTQ
1704,DTSS
1705,DTUL
1706,DTUS
1707,DTV
1708,DTW
1709,DTY
1710,DTYL
1711,DTYS
1712,DUC
1713,DUK
1714,DUKB
1715,DUKH
1716,DUSA
1717,DVA
1718,DVAX
1719,DVCR
1720,DVD
1721,DVLU
1722,DVN
1723,DVOL
1724,DVY
1725,DWAQ
1726,DWAS
1727,DWAT
1728,DWCR
1729,DWDP
1730,DWFI
1731,DWIN
1732,DWLD
1733,DWMC
1734,DWPP
1735,DWSH
1736,DWSN
1737,DWTR
1738,DX
1739,DXB
1740,DXC
1741,DXCM
1742,DXF
1743,DXGE
1744,DXJS
1745,DXLG
1746,DXPE
1747,DXR
1748,DXYN
1749,DY
1750,DYNC
1751,DYNT
1752,DYSL
1753,DZSI
1754,E
1755,EA
1756,EAB
1757,EAD
1758,EAE
1759,EAF
1760,EAI
1761,EARN
1762,EARS
1763,EAST
1764,EAT
1765,EB
1766,EBAY
1767,EBAYL
1768,EBF
1769,EBIX
1770,EBIZ
1771,EBMT
1772,EBR
1773,EBS
1774,EBSB
1775,EBTC
1776,EC
1777,ECA
1778,ECC           
1779,ECCA
1780,ECCB
1781,ECCX
1782,ECCY
1783,ECF
1784,ECHO
1785,ECL
1786,ECOL
1787,ECOM          
1788,ECOR
1789,ECPG
1790,ECT
1791,ED
1792,EDAP
1793,EDD
1794,EDF
1795,EDI
1796,EDIT
1797,EDN
1798,EDNT
1799,EDRY
1800,EDTX
1801,EDTXU
1802,EDTXW
1803,EDU
1804,EDUC
1805,EE
1806,EEA
1807,EEFT
1808,EEI
1809,EEMA
1810,EEX
1811,EFAS
1812,EFBI
1813,EFC
1814,EFF
1815,EFII
1816,EFL
1817,EFOI
1818,EFR
1819,EFSC
1820,EFT
1821,EFX
1822,EGAN
1823,EGBN
1824,EGF
1825,EGHT
1826,EGI
1827,EGIF
1828,EGLE
1829,EGO
1830,EGOV
1831,EGP
1832,EGRX
1833,EGY
1834,EHC
1835,EHI
1836,EHIC
1837,EHT
1838,EHTH
1839,EIDX
1840,EIG
1841,EIGI
1842,EIGR
1843,EIM
1844,EIX
1845,EKSO
1846,EL
1847,ELAN
1848,ELC
1849,ELF
1850,ELGX
1851,ELJ
1852,ELLI
1853,ELLO
1854,ELMD
1855,ELOX
1856,ELP
1857,ELS
1858,ELSE
1859,ELTK
1860,ELU
1861,ELVT
1862,ELY
1863,EMAN
1864,EMB
1865,EMCB
1866,EMCF
1867,EMCG
1868,EMCI
1869,EMD
1870,EME
1871,EMES
1872,EMF
1873,EMIF
1874,EMKR
1875,EML
1876,EMMS
1877,EMN
1878,EMO
1879,EMP
1880,EMR
1881,EMX
1882,EMXC
1883,ENB
1884,ENBA
1885,ENBL
1886,ENDP
1887,ENFC
1888,ENG
1889,ENIA
1890,ENIC
1891,ENJ
1892,ENLC
1893,ENLV
1894,ENO
1895,ENOB
1896,ENPH
1897,ENR
1898,ENS
1899,ENSG
1900,ENSV
1901,ENT
1902,ENTA
1903,ENTG
1904,ENTX
1905,ENTXW
1906,ENV
1907,ENVA
1908,ENX
1909,ENZ
1910,ENZL
1911,EOD
1912,EOG
1913,EOI
1914,EOLS
1915,EOS
1916,EOT
1917,EP
1918,EPAM
1919,EPAY
1920,EPC
1921,EPD
1922,EPE
1923,EPIX
1924,EPM
1925,EPR
1926,EPRT
1927,EPSN
1928,EPZM
1929,EQ
1930,EQBK
1931,EQC
1932,EQH
1933,EQIX
1934,EQM
1935,EQNR
1936,EQR
1937,EQRR
1938,EQS
1939,EQT
1940,ERA
1941,ERC
1942,ERF
1943,ERH
1944,ERI
1945,ERIC
1946,ERIE
1947,ERII
1948,ERJ
1949,EROS
1950,ERYP
1951,ES
1952,ESBK
1953,ESCA
1954,ESE
1955,ESEA
1956,ESG
1957,ESGD
1958,ESGE
1959,ESGG
1960,ESGR
1961,ESGRO
1962,ESGRP
1963,ESGU
1964,ESI
1965,ESLT
1966,ESNT
1967,ESP
1968,ESPR
1969,ESQ
1970,ESRT
1971,ESS
1972,ESSA
1973,ESTA
1974,ESTC
1975,ESTE
1976,ESTR
1977,ESTRW
1978,ESV
1979,ESXB
1980,ET
1981,ETB
1982,ETFC
1983,ETG
1984,ETH
1985,ETJ
1986,ETM
1987,ETN
1988,ETO
1989,ETON
1990,ETP
1991,ETR
1992,ETRN
1993,ETSY
1994,ETTX
1995,ETV
1996,ETW
1997,ETX           
1998,ETY
1999,EUFN
2000,EURN
2001,EV
2002,EVA
2003,EVBG
2004,EVBN
2005,EVC
2006,EVER
2007,EVF
2008,EVFM
2009,EVFTC
2010,EVG
2011,EVGBC
2012,EVGN
2013,EVH
2014,EVI
2015,EVK
2016,EVLMC
2017,EVLO
2018,EVLV
2019,EVM
2020,EVN
2021,EVOK
2022,EVOL
2023,EVOP
2024,EVR
2025,EVRG
2026,EVRI
2027,EVSTC
2028,EVT
2029,EVTC
2030,EVV
2031,EVY
2032,EW
2033,EWBC
2034,EWJE
2035,EWJV
2036,EWZS
2037,EXAS
2038,EXC
2039,EXD
2040,EXEL
2041,EXFO
2042,EXG
2043,EXK
2044,EXLS
2045,EXP
2046,EXPD
2047,EXPE
2048,EXPI
2049,EXPO
2050,EXPR
2051,EXR
2052,EXTN
2053,EXTR
2054,EYE
2055,EYEG
2056,EYEGW
2057,EYEN
2058,EYES
2059,EYESW
2060,EYPT
2061,EZPW
2062,EZT
2063,F
2064,FAAR
2065,FAB
2066,FAD
2067,FAF
2068,FALN
2069,FAM
2070,FAMI
2071,FANG
2072,FANH
2073,FARM
2074,FARO
2075,FAST
2076,FAT
2077,FATE
2078,FAX
2079,FB
2080,FBC
2081,FBHS
2082,FBIO
2083,FBIOP
2084,FBIZ
2085,FBK
2086,FBM
2087,FBMS
2088,FBNC
2089,FBP
2090,FBSS
2091,FBZ
2092,FC
2093,FCA
2094,FCAL
2095,FCAN
2096,FCAP
2097,FCAU
2098,FCBC
2099,FCBP
2100,FCCO
2101,FCCY
2102,FCEF
2103,FCEL
2104,FCF
2105,FCFS
2106,FCN
2107,FCNCA
2108,FCO
2109,FCPT
2110,FCSC
2111,FCT
2112,FCVT
2113,FCX
2114,FDBC
2115,FDC
2116,FDEF
2117,FDEU
2118,FDIV
2119,FDNI
2120,FDP
2121,FDS
2122,FDT
2123,FDTS
2124,FDUS
2125,FDUSL
2126,FDUSZ
2127,FDX
2128,FE
2129,FEDU
2130,FEI           
2131,FEIM
2132,FELE
2133,FELP
2134,FEM
2135,FEMB
2136,FEMS
2137,FEN
2138,FENC
2139,FENG
2140,FEO
2141,FEP
2142,FET
2143,FEUZ
2144,FEX
2145,FEYE
2146,FF
2147,FFA
2148,FFBC
2149,FFBW
2150,FFC
2151,FFG
2152,FFHL
2153,FFIC
2154,FFIN
2155,FFIV
2156,FFNW
2157,FFWM
2158,FG
2159,FGB
2160,FGBI
2161,FGEN
2162,FGM
2163,FGP
2164,FHB
2165,FHK
2166,FHL
2167,FHN
2168,FI
2169,FIBK
2170,FICO
2171,FID
2172,FIF
2173,FII
2174,FINX
2175,FIS
2176,FISI
2177,FISV
2178,FIT
2179,FITB
2180,FITBI
2181,FIV
2182,FIVE
2183,FIVN
2184,FIX
2185,FIXD
2186,FIXX
2187,FIZZ
2188,FJP
2189,FKO
2190,FKU
2191,FL
2192,FLAG
2193,FLAT
2194,FLC
2195,FLDM
2196,FLEX
2197,FLF
2198,FLGT
2199,FLIC
2200,FLIR
2201,FLKS
2202,FLL
2203,FLMN
2204,FLMNW
2205,FLN
2206,FLNT
2207,FLO
2208,FLOW
2209,FLR
2210,FLS
2211,FLT
2212,FLWS
2213,FLXN
2214,FLXS
2215,FLY
2216,FMAO
2217,FMB
2218,FMBH
2219,FMBI
2220,FMC
2221,FMCI
2222,FMCIU
2223,FMCIW
2224,FMHI
2225,FMK
2226,FMN
2227,FMNB
2228,FMO
2229,FMS
2230,FMX
2231,FMY
2232,FN
2233,FNB
2234,FNCB
2235,FND
2236,FNF
2237,FNHC
2238,FNJN
2239,FNK
2240,FNKO
2241,FNLC
2242,FNSR
2243,FNV
2244,FNWB
2245,FNX
2246,FNY
2247,FOCS
2248,FOE
2249,FOF
2250,FOLD
2251,FOMX
2252,FONE
2253,FONR
2254,FOR
2255,FORD
2256,FORK
2257,FORM
2258,FORR
2259,FORTY
2260,FOSL
2261,FOX
2262,FOXA
2263,FOXF
2264,FPA
2265,FPAC
2266,FPAY
2267,FPAYW
2268,FPF
2269,FPH
2270,FPI
2271,FPL
2272,FPRX
2273,FPXE
2274,FPXI
2275,FR
2276,FRA
2277,FRAC
2278,FRAN
2279,FRBA
2280,FRBK
2281,FRC
2282,FRD
2283,FRED
2284,FRGI
2285,FRME
2286,FRO
2287,FRPH
2288,FRPT
2289,FRSH
2290,FRSX
2291,FRT
2292,FRTA
2293,FSB
2294,FSBC
2295,FSBW
2296,FSCT
2297,FSD
2298,FSFG
2299,FSI
2300,FSK
2301,FSLR
2302,FSM
2303,FSNN
2304,FSP
2305,FSS
2306,FSTR
2307,FSV
2308,FSZ
2309,FT
2310,FTA
2311,FTAC
2312,FTACU
2313,FTACW
2314,FTAG
2315,FTAI
2316,FTC
2317,FTCH
2318,FTCS
2319,FTD
2320,FTDR
2321,FTEK
2322,FTEO
2323,FTF
2324,FTFT
2325,FTGC
2326,FTHI
2327,FTI
2328,FTK
2329,FTLB
2330,FTNT
2331,FTNW
2332,FTR
2333,FTRI
2334,FTS
2335,FTSI
2336,FTSL
2337,FTSM
2338,FTSV
2339,FTV
2340,FTXD
2341,FTXG
2342,FTXH
2343,FTXL
2344,FTXN
2345,FTXO
2346,FTXR
2347,FUL
2348,FULT
2349,FUN
2350,FUNC
2351,FUND
2352,FUSB
2353,FUV
2354,FV
2355,FVC
2356,FVCB
2357,FVE
2358,FWONA
2359,FWONK
2360,FWP
2361,FWRD
2362,FYC
2363,FYT
2364,FYX
2365,G
2366,GAB
2367,GABC
2368,GAIA
2369,GAIN
2370,GAINL
2371,GAINM
2372,GALT
2373,GAM
2374,GARS
2375,GASS
2376,GATX
2377,GBAB
2378,GBCI
2379,GBDC
2380,GBL
2381,GBLI
2382,GBLIL
2383,GBLIZ
2384,GBR
2385,GBT
2386,GBX
2387,GCAP
2388,GCBC
2389,GCI
2390,GCO
2391,GCP
2392,GCV
2393,GCVRZ
2394,GD
2395,GDDY
2396,GDEN
2397,GDI
2398,GDL
2399,GDO
2400,GDOT
2401,GDP
2402,GDS
2403,GDV
2404,GE
2405,GEC
2406,GECC
2407,GECCL
2408,GECCM
2409,GEF
2410,GEL
2411,GEMP
2412,GEN           
2413,GENC
2414,GENE
2415,GENY
2416,GEO
2417,GEOS
2418,GER
2419,GERN
2420,GES
2421,GEVO
2422,GF
2423,GFED
2424,GFF
2425,GFI
2426,GFN
2427,GFNCP
2428,GFNSL
2429,GFY
2430,GG
2431,GGAL
2432,GGB
2433,GGG
2434,GGM
2435,GGN
2436,GGO
2437,GGT
2438,GGZ
2439,GH
2440,GHC
2441,GHDX
2442,GHG
2443,GHL
2444,GHM
2445,GHSI
2446,GHY
2447,GIB
2448,GIFI
2449,GIG
2450,GIGM
2451,GIG~
2452,GIII
2453,GIL
2454,GILD
2455,GILT
2456,GIM
2457,GIS
2458,GJH
2459,GJO
2460,GJP
2461,GJR
2462,GJS
2463,GJT
2464,GJV
2465,GKOS
2466,GLAC
2467,GLACR
2468,GLACU
2469,GLACW
2470,GLAD
2471,GLADD
2472,GLADN
2473,GLBS
2474,GLBZ
2475,GLDD
2476,GLDI
2477,GLG
2478,GLIBA
2479,GLIBP
2480,GLMD
2481,GLNG
2482,GLO
2483,GLOB
2484,GLOG
2485,GLOP
2486,GLOW
2487,GLP
2488,GLPG
2489,GLPI
2490,GLQ
2491,GLRE
2492,GLT
2493,GLU
2494,GLUU
2495,GLV
2496,GLW
2497,GLYC
2498,GM
2499,GMDA
2500,GME
2501,GMED
2502,GMHI
2503,GMHIU
2504,GMHIW
2505,GMLP
2506,GMLPP
2507,GMO
2508,GMRE
2509,GMS
2510,GMTA
2511,GMZ
2512,GNC
2513,GNCA
2514,GNE
2515,GNFT
2516,GNK
2517,GNL
2518,GNMA
2519,GNMK
2520,GNMX
2521,GNPX
2522,GNRC
2523,GNRX
2524,GNT
2525,GNTX
2526,GNTY
2527,GNUS
2528,GNW
2529,GOF
2530,GOGL
2531,GOGO
2532,GOL
2533,GOLD
2534,GOLF
2535,GOOD
2536,GOODM
2537,GOODO
2538,GOODP
2539,GOOG
2540,GOOGL
2541,GOOS
2542,GORO
2543,GOSS
2544,GPAQ
2545,GPAQU
2546,GPAQW
2547,GPC
2548,GPI
2549,GPIC
2550,GPJA
2551,GPK
2552,GPL
2553,GPM
2554,GPMT
2555,GPN
2556,GPOR
2557,GPP
2558,GPRE
2559,GPRK
2560,GPRO
2561,GPS
2562,GPX
2563,GRA
2564,GRAF
2565,GRAM
2566,GRBK
2567,GRC
2568,GRF
2569,GRFS
2570,GRID
2571,GRIF
2572,GRIN
2573,GRMN
2574,GRNQ
2575,GROW
2576,GRP
2577,GRPN
2578,GRSH
2579,GRSHU
2580,GRSHW
2581,GRTS
2582,GRUB
2583,GRVY
2584,GRX
2585,GS
2586,GSAH
2587,GSAT
2588,GSB
2589,GSBC
2590,GSBD
2591,GSH
2592,GSHD
2593,GSIT
2594,GSK
2595,GSKY
2596,GSL
2597,GSM
2598,GSS
2599,GSUM
2600,GSV
2601,GSVC
2602,GT
2603,GTE
2604,GTES
2605,GTHX
2606,GTIM
2607,GTLS
2608,GTN
2609,GTS
2610,GTT
2611,GTX
2612,GTXI
2613,GTY
2614,GTYH
2615,GTYHW
2616,GULF
2617,GURE
2618,GUT
2619,GV
2620,GVA
2621,GVP
2622,GWB
2623,GWGH
2624,GWPH
2625,GWR
2626,GWRE
2627,GWRS
2628,GWW
2629,GYB
2630,GYC
2631,GYRO
2632,H
2633,HA
2634,HABT
2635,HAE
2636,HAFC
2637,HAIN
2638,HAIR
2639,HAL
2640,HALL
2641,HALO
2642,HARP
2643,HAS
2644,HASI
2645,HAYN
2646,HBAN
2647,HBANN
2648,HBANO
2649,HBB
2650,HBCP
2651,HBI
2652,HBIO
2653,HBK
2654,HBM
2655,HBMD
2656,HBNC
2657,HBP
2658,HCA
2659,HCACU
2660,HCAP
2661,HCAPZ
2662,HCC
2663,HCCH
2664,HCCHR
2665,HCCHU
2666,HCCHW
2667,HCCI
2668,HCFT
2669,HCHC
2670,HCI
2671,HCKT
2672,HCLP
2673,HCM
2674,HCP
2675,HCSG
2676,HCXY
2677,HCXZ
2678,HD
2679,HDB
2680,HDS
2681,HDSN
2682,HE
2683,HEAR
2684,HEB
2685,HEBT
2686,HEES
2687,HEI
2688,HELE
2689,HEP
2690,HEQ
2691,HES
2692,HESM
2693,HEWG
2694,HEXO
2695,HF
2696,HFBC
2697,HFBL
2698,HFC
2699,HFFG
2700,HFGIC
2701,HFRO
2702,HFWA
2703,HGH
2704,HGLB
2705,HGSH
2706,HGV
2707,HHC
2708,HHHH
2709,HHHHR
2710,HHHHU
2711,HHHHW
2712,HHS
2713,HI
2714,HIBB
2715,HIE
2716,HIFR
2717,HIFS
2718,HIG
2719,HIHO
2720,HII
2721,HIIQ
2722,HIL
2723,HIMX
2724,HIO
2725,HIVE
2726,HIW
2727,HIX
2728,HJLI
2729,HJLIW
2730,HJV
2731,HK
2732,HL
2733,HLF
2734,HLG
2735,HLI
2736,HLIT
2737,HLM
2738,HLNE
2739,HLT
2740,HLTH
2741,HLX
2742,HMC
2743,HMG
2744,HMHC
2745,HMI
2746,HMLP
2747,HMN
2748,HMNF
2749,HMST
2750,HMSY
2751,HMTV
2752,HMY
2753,HNDL
2754,HNGR
2755,HNI
2756,HNNA
2757,HNP
2758,HNRG
2759,HNW
2760,HOFT
2761,HOG
2762,HOLI
2763,HOLX
2764,HOMB
2765,HOME
2766,HON
2767,HONE
2768,HOPE
2769,HOS
2770,HOTH
2771,HOV
2772,HOVNP
2773,HP
2774,HPE
2775,HPF
2776,HPI
2777,HPJ
2778,HPP
2779,HPQ
2780,HPR
2781,HPS
2782,HPT
2783,HQH
2784,HQL
2785,HQY
2786,HR
2787,HRB
2788,HRC
2789,HRI
2790,HRL
2791,HROW
2792,HRS
2793,HRTG
2794,HRTX
2795,HRZN
2796,HSBC
2797,HSC
2798,HSDT
2799,HSGX
2800,HSIC
2801,HSII
2802,HSKA
2803,HSON
2804,HST
2805,HSTM
2806,HSY
2807,HT
2808,HTA
2809,HTBI
2810,HTBK
2811,HTBX
2812,HTD
2813,HTFA
2814,HTGC
2815,HTGM
2816,HTH
2817,HTHT
2818,HTLD
2819,HTLF
2820,HTY
2821,HTZ
2822,HUBB
2823,HUBG
2824,HUBS
2825,HUD
2826,HUM
2827,HUN
2828,HUNT
2829,HUNTU
2830,HUNTW
2831,HURC
2832,HURN
2833,HUSA
2834,HUYA
2835,HVBC
2836,HVT
2837,HWBK
2838,HWC
2839,HWCC
2840,HWCPL
2841,HWKN
2842,HX
2843,HXL
2844,HY
2845,HYB
2846,HYGS
2847,HYI
2848,HYLS
2849,HYND
2850,HYRE
2851,HYT
2852,HYXE
2853,HYZD
2854,HZN
2855,HZNP
2856,HZO
2857,I
2858,IAC
2859,IAE
2860,IAF
2861,IAG
2862,IART
2863,IBA
2864,IBB
2865,IBCP
2866,IBIO
2867,IBKC
2868,IBKCN
2869,IBKCO
2870,IBKCP
2871,IBM
2872,IBN
2873,IBO
2874,IBOC
2875,IBP
2876,IBTX
2877,IBUY
2878,ICAD
2879,ICBK
2880,ICCC
2881,ICCH
2882,ICD
2883,ICE
2884,ICFI
2885,ICHR
2886,ICL
2887,ICLK
2888,ICLN
2889,ICLR
2890,ICON
2891,ICPT
2892,ICUI
2893,IDA
2894,IDCC
2895,IDE
2896,IDEX
2897,IDLB
2898,IDN
2899,IDRA
2900,IDSA
2901,IDSY
2902,IDT
2903,IDXG
2904,IDXX
2905,IEA
2906,IEAWW
2907,IEC
2908,IEF
2909,IEI
2910,IEP
2911,IESC
2912,IEUS
2913,IEX
2914,IFEU
2915,IFF
2916,IFFT
2917,IFGL
2918,IFMK
2919,IFN
2920,IFRX
2921,IFV
2922,IGA
2923,IGC
2924,IGD
2925,IGF
2926,IGI
2927,IGIB
2928,IGLD
2929,IGOV
2930,IGR
2931,IGSB
2932,IGT
2933,IHC
2934,IHD
2935,IHG
2936,IHIT
2937,IHT
2938,IHTA
2939,IID
2940,IIF
2941,III
2942,IIIN
2943,IIIV
2944,IIJI
2945,IIM
2946,IIN
2947,IIPR
2948,IIVI
2949,IJT
2950,IKNX
2951,ILMN
2952,ILPT
2953,IMAC
2954,IMACW
2955,IMAX
2956,IMGN
2957,IMH
2958,IMI
2959,IMKTA
2960,IMMP
2961,IMMR
2962,IMMU
2963,IMO
2964,IMOS
2965,IMRN
2966,IMRNW
2967,IMTE
2968,IMV
2969,IMXI
2970,INAP
2971,INB
2972,INBK
2973,INBKL
2974,INCY
2975,INDB
2976,INDY
2977,INF
2978,INFI
2979,INFN
2980,INFO
2981,INFR
2982,INFU
2983,INFY
2984,ING
2985,INGN
2986,INGR
2987,INMB
2988,INN
2989,INNT
2990,INO
2991,INOD
2992,INOV
2993,INPX
2994,INS
2995,INSE
2996,INSG
2997,INSI
2998,INSM
2999,INSP
3000,INST
3001,INSUU
3002,INSW
3003,INSY
3004,INT
3005,INTC
3006,INTG
3007,INTL
3008,INTT
3009,INTU
3010,INUV
3011,INVA
3012,INVE
3013,INVH
3014,INWK
3015,INXN
3016,IO
3017,IONS
3018,IOR
3019,IOSP
3020,IOTS
3021,IOVA
3022,IP
3023,IPAR
3024,IPB
3025,IPDN
3026,IPG
3027,IPGP
3028,IPHI
3029,IPHS
3030,IPI
3031,IPIC
3032,IPKW
3033,IPLDP
3034,IPOA
3035,IPWR
3036,IQ
3037,IQI
3038,IQV
3039,IR
3040,IRBT
3041,IRCP
3042,IRDM
3043,IRDMB
3044,IRET
3045,IRIX
3046,IRL
3047,IRM
3048,IRMD
3049,IROQ
3050,IRR
3051,IRS
3052,IRT
3053,IRTC
3054,IRWD
3055,ISBC
3056,ISCA
3057,ISD
3058,ISDR
3059,ISDS
3060,ISDX
3061,ISEM
3062,ISF
3063,ISG
3064,ISHG
3065,ISIG
3066,ISNS
3067,ISR
3068,ISRG
3069,ISRL
3070,ISSC
3071,ISTB
3072,ISTR
3073,IT
3074,ITCB
3075,ITCI
3076,ITEQ
3077,ITGR
3078,ITI
3079,ITIC
3080,ITMR
3081,ITP
3082,ITRI
3083,ITRM
3084,ITRN
3085,ITT
3086,ITUB
3087,ITW
3088,IUS
3089,IUSB
3090,IUSG
3091,IUSS
3092,IUSV
3093,IVAC
3094,IVC
3095,IVENC
3096,IVFGC
3097,IVFVC
3098,IVH
3099,IVR
3100,IVZ
3101,IX
3102,IXUS
3103,IZEA
3104,JACK
3105,JAG
3106,JAGX
3107,JAKK
3108,JASN
3109,JASNW
3110,JAX
3111,JAZZ
3112,JBGS
3113,JBHT
3114,JBK
3115,JBL
3116,JBLU
3117,JBN
3118,JBR
3119,JBSS
3120,JBT
3121,JCAP
3122,JCE
3123,JCI
3124,JCO
3125,JCOM
3126,JCP
3127,JCS
3128,JCTCF
3129,JD
3130,JDD
3131,JE
3132,JEC
3133,JEF
3134,JELD
3135,JEMD
3136,JEQ
3137,JFKKU
3138,JFR
3139,JG
3140,JGH
3141,JHAA
3142,JHB
3143,JHD
3144,JHG
3145,JHI
3146,JHS
3147,JHX
3148,JHY
3149,JILL
3150,JJSF
3151,JKHY
3152,JKI
3153,JKS
3154,JLL
3155,JLS
3156,JMEI
3157,JMF
3158,JMLP
3159,JMM
3160,JMP
3161,JMPB
3162,JMPD
3163,JMT
3164,JMU
3165,JNCE
3166,JNJ
3167,JNPR
3168,JOB
3169,JOBS
3170,JOE
3171,JOF
3172,JOUT
3173,JP
3174,JPC
3175,JPI
3176,JPM
3177,JPS
3178,JPT
3179,JQC
3180,JRI
3181,JRJC
3182,JRO
3183,JRS
3184,JRSH
3185,JRVR
3186,JSD
3187,JSM
3188,JSMD
3189,JSML
3190,JSYN
3191,JSYNR
3192,JSYNU
3193,JSYNW
3194,JT
3195,JTA
3196,JTD
3197,JVA
3198,JW
3199,JWN
3200,JYNT
3201,K
3202,KAI
3203,KALA
3204,KALU
3205,KALV
3206,KAMN
3207,KAR
3208,KB
3209,KBAL
3210,KBH
3211,KBLM
3212,KBLMR
3213,KBLMU
3214,KBLMW
3215,KBR
3216,KBSF
3217,KBWB
3218,KBWD
3219,KBWP
3220,KBWR
3221,KBWY
3222,KCAPL
3223,KDMN
3224,KDP
3225,KE
3226,KEG
3227,KELYA
3228,KELYB
3229,KEM
3230,KEN
3231,KEP
3232,KEQU
3233,KEX
3234,KEY
3235,KEYS
3236,KEYW
3237,KF
3238,KFFB
3239,KFRC
3240,KFS
3241,KFY
3242,KGC
3243,KGJI
3244,KHC
3245,KIDS
3246,KIM
3247,KIN
3248,KINS
3249,KIO
3250,KIQ
3251,KIRK
3252,KKR
3253,KL
3254,KLAC
3255,KLDO
3256,KLIC
3257,KLXE
3258,KMB
3259,KMDA
3260,KMF
3261,KMI
3262,KMPA
3263,KMPH
3264,KMPR
3265,KMT
3266,KMX
3267,KN
3268,KNDI
3269,KNL
3270,KNOP
3271,KNSA
3272,KNSL
3273,KNX
3274,KO
3275,KOD
3276,KODK
3277,KOF
3278,KONA
3279,KOOL
3280,KOP
3281,KOPN
3282,KOS
3283,KOSS
3284,KPFS
3285,KPTI
3286,KR
3287,KRA
3288,KRC
3289,KREF
3290,KRG
3291,KRMA
3292,KRNT
3293,KRNY
3294,KRO
3295,KRP
3296,KRYS
3297,KSM
3298,KSS
3299,KSU
3300,KT
3301,KTCC
3302,KTF
3303,KTH
3304,KTN
3305,KTOS
3306,KTOV
3307,KTOVW
3308,KTP
3309,KURA
3310,KVHI
3311,KW
3312,KWEB
3313,KWR
3314,KYN
3315,KZIA
3316,KZR
3317,L
3318,LABL
3319,LAC
3320,LACQ
3321,LACQU
3322,LACQW
3323,LAD
3324,LADR
3325,LAIX
3326,LAKE
3327,LAMR
3328,LANC
3329,LAND
3330,LANDP
3331,LARK
3332,LASR
3333,LAUR
3334,LAWS
3335,LAZ
3336,LAZY
3337,LB
3338,LBAI
3339,LBC
3340,LBRDA
3341,LBRDK
3342,LBRT
3343,LBTYA
3344,LBTYB
3345,LBTYK
3346,LBY
3347,LC
3348,LCI
3349,LCII
3350,LCNB
3351,LCUT
3352,LDL
3353,LDOS
3354,LDP
3355,LDRI
3356,LDSF
3357,LE
3358,LEA
3359,LEAF
3360,LECO
3361,LEDS
3362,LEE
3363,LEG
3364,LEGH
3365,LEGR
3366,LEJU
3367,LEN
3368,LENS
3369,LEO
3370,LEU
3371,LEVB
3372,LEVI
3373,LEVL
3374,LEXEA
3375,LEXEB
3376,LFAC
3377,LFACU
3378,LFACW
3379,LFC
3380,LFUS
3381,LFVN
3382,LGC
3383,LGCY
3384,LGF
3385,LGI
3386,LGIH
3387,LGL
3388,LGND
3389,LH
3390,LHC
3391,LHCG
3392,LIFE
3393,LII
3394,LILA
3395,LILAK
3396,LIN
3397,LINC
3398,LIND
3399,LINDW
3400,LION
3401,LIQT
3402,LITB
3403,LITE
3404,LIVE
3405,LIVN
3406,LIVX
3407,LJPC
3408,LKCO
3409,LKFN
3410,LKOR
3411,LKQ
3412,LKSD
3413,LL
3414,LLEX
3415,LLIT
3416,LLL
3417,LLNW
3418,LLY
3419,LM
3420,LMAT
3421,LMB
3422,LMBS
3423,LMFA
3424,LMFAW
3425,LMHA
3426,LMHB
3427,LMNR
3428,LMNX
3429,LMRK
3430,LMRKN
3431,LMRKO
3432,LMRKP
3433,LMST
3434,LMT
3435,LN
3436,LNC
3437,LND
3438,LNDC
3439,LNG
3440,LNGR
3441,LNN
3442,LNT
3443,LNTH
3444,LOAC
3445,LOACR
3446,LOACU
3447,LOACW
3448,LOAN
3449,LOB
3450,LOCO
3451,LODE
3452,LOGC
3453,LOGI
3454,LOGM
3455,LOMA
3456,LONE
3457,LOOP
3458,LOPE
3459,LOR
3460,LORL
3461,LOV
3462,LOVE
3463,LOW
3464,LPCN
3465,LPG
3466,LPI
3467,LPL
3468,LPLA
3469,LPSN
3470,LPT
3471,LPTH
3472,LPTX
3473,LPX
3474,LQDA
3475,LQDT
3476,LRAD
3477,LRCX
3478,LRGE
3479,LRN
3480,LSBK
3481,LSCC
3482,LSI
3483,LSTR
3484,LSXMA
3485,LSXMB
3486,LSXMK
3487,LTBR
3488,LTC
3489,LTHM
3490,LTM
3491,LTRPA
3492,LTRPB
3493,LTRX
3494,LTS
3495,LTSF
3496,LTSK
3497,LTSL
3498,LTXB
3499,LUB
3500,LULU
3501,LUNA
3502,LUV
3503,LVHD
3504,LVS
3505,LW
3506,LWAY
3507,LX
3508,LXFR
3509,LXFT
3510,LXP
3511,LXRX
3512,LXU
3513,LYB
3514,LYFT
3515,LYG
3516,LYL
3517,LYTS
3518,LYV
3519,LZB
3520,M
3521,MA
3522,MAA
3523,MAC
3524,MACK
3525,MAG
3526,MAGS
3527,MAIN
3528,MAMS
3529,MAN
3530,MANH
3531,MANT
3532,MANU
3533,MAR
3534,MARA
3535,MARK
3536,MARPS
3537,MAS
3538,MASI
3539,MAT
3540,MATW
3541,MATX
3542,MAV
3543,MAXR
3544,MAYS
3545,MBB
3546,MBCN
3547,MBI
3548,MBII
3549,MBIN
3550,MBINP
3551,MBIO
3552,MBOT
3553,MBRX
3554,MBSD
3555,MBT
3556,MBTF
3557,MBUU
3558,MBWM
3559,MC
3560,MCA
3561,MCB
3562,MCBC
3563,MCC
3564,MCD
3565,MCEF
3566,MCEP
3567,MCF
3568,MCFT
3569,MCHI
3570,MCHP
3571,MCHX
3572,MCI
3573,MCK
3574,MCN
3575,MCO
3576,MCR
3577,MCRB
3578,MCRI
3579,MCRN
3580,MCS
3581,MCV
3582,MCX
3583,MCY
3584,MD
3585,MDB
3586,MDC
3587,MDCA
3588,MDCO
3589,MDGL
3590,MDGS
3591,MDGSW
3592,MDIV
3593,MDJH
3594,MDLQ
3595,MDLX
3596,MDLY
3597,MDLZ
3598,MDP
3599,MDR
3600,MDRR
3601,MDRX
3602,MDSO
3603,MDT
3604,MDU
3605,MDWD
3606,MED
3607,MEDP
3608,MEET
3609,MEI
3610,MEIP
3611,MELI
3612,MELR
3613,MEN
3614,MEOH
3615,MER
3616,MERC
3617,MESA
3618,MESO
3619,MET
3620,METC
3621,MFA
3622,MFAC
3623,MFC
3624,MFCB
3625,MFD
3626,MFG
3627,MFGP
3628,MFIN
3629,MFINL
3630,MFL
3631,MFM
3632,MFNC
3633,MFO
3634,MFSF
3635,MFT
3636,MFV
3637,MG
3638,MGA
3639,MGEE
3640,MGEN
3641,MGF
3642,MGI
3643,MGIC
3644,MGLN
3645,MGM
3646,MGNX
3647,MGP
3648,MGPI
3649,MGR
3650,MGRC
3651,MGTA
3652,MGTX
3653,MGU
3654,MGY
3655,MGYR
3656,MH
3657,MHD
3658,MHE
3659,MHF
3660,MHH
3661,MHI
3662,MHK
3663,MHLA
3664,MHLD
3665,MHN
3666,MHNC
3667,MHO
3668,MIC
3669,MICR
3670,MICT
3671,MIDD
3672,MIE
3673,MIK
3674,MILN
3675,MIME
3676,MIN
3677,MIND
3678,MINDP
3679,MINI
3680,MITK
3681,MITO
3682,MITT
3683,MIXT
3684,MIY
3685,MJCO
3686,MKC
3687,MKGI
3688,MKL
3689,MKSI
3690,MKTX
3691,MLAB
3692,MLCO
3693,MLHR
3694,MLI
3695,MLM
3696,MLND
3697,MLNT
3698,MLNX
3699,MLP
3700,MLR
3701,MLSS
3702,MLVF
3703,MMAC
3704,MMC
3705,MMD
3706,MMDM
3707,MMDMR
3708,MMDMU
3709,MMDMW
3710,MMI
3711,MMLP
3712,MMM
3713,MMP
3714,MMS
3715,MMSI
3716,MMT
3717,MMU
3718,MMYT
3719,MN
3720,MNCL
3721,MNCLU
3722,MNCLW
3723,MNDO
3724,MNE
3725,MNI
3726,MNK
3727,MNKD
3728,MNLO
3729,MNOV
3730,MNP
3731,MNR
3732,MNRO
3733,MNST
3734,MNTA
3735,MNTX
3736,MO
3737,MOBL
3738,MOD
3739,MODN
3740,MOFG
3741,MOG
3742,MOGO
3743,MOGU
3744,MOH
3745,MOMO
3746,MOR
3747,MORN
3748,MOS
3749,MOSC
3750,MOSY
3751,MOTS
3752,MOV
3753,MOXC
3754,MPA
3755,MPAA
3756,MPB
3757,MPC
3758,MPLX
3759,MPO
3760,MPV
3761,MPVD
3762,MPW
3763,MPWR
3764,MPX
3765,MQT
3766,MQY
3767,MR
3768,MRAM
3769,MRBK
3770,MRC
3771,MRCC
3772,MRCCL
3773,MRCY
3774,MRIN
3775,MRK
3776,MRKR
3777,MRLN
3778,MRNA
3779,MRNS
3780,MRO
3781,MRSN
3782,MRT
3783,MRTN
3784,MRTX
3785,MRUS
3786,MRVL
3787,MS
3788,MSA
3789,MSB
3790,MSBF
3791,MSBI
3792,MSC
3793,MSCI
3794,MSD
3795,MSEX
3796,MSFT
3797,MSG
3798,MSGN
3799,MSI
3800,MSL
3801,MSM
3802,MSN
3803,MSON
3804,MSTR
3805,MSVB
3806,MT
3807,MTB
3808,MTBC
3809,MTBCP
3810,MTC
3811,MTCH
3812,MTD
3813,MTDR
3814,MTEC
3815,MTECU
3816,MTECW
3817,MTEM
3818,MTEX
3819,MTFB
3820,MTFBW
3821,MTG
3822,MTH
3823,MTL
3824,MTLS
3825,MTN
3826,MTNB
3827,MTOR
3828,MTP
3829,MTR
3830,MTRN
3831,MTRX
3832,MTSC
3833,MTSI
3834,MTSL
3835,MTT
3836,MTW
3837,MTX
3838,MTZ
3839,MU
3840,MUA
3841,MUC
3842,MUDS
3843,MUDSU
3844,MUDSW
3845,MUE
3846,MUFG
3847,MUH
3848,MUI
3849,MUJ
3850,MUR
3851,MUS
3852,MUSA
3853,MUX
3854,MVBF
3855,MVC
3856,MVCD
3857,MVF
3858,MVIS
3859,MVO
3860,MVT
3861,MWA
3862,MX
3863,MXC
3864,MXE
3865,MXF
3866,MXIM
3867,MXL
3868,MXWL
3869,MYC
3870,MYD
3871,MYE
3872,MYF
3873,MYFW
3874,MYGN
3875,MYI
3876,MYJ
3877,MYL
3878,MYN
3879,MYND
3880,MYNDW
3881,MYO
3882,MYOK
3883,MYOS
3884,MYOV
3885,MYRG
3886,MYSZ
3887,MYT
3888,MZA
3889,NAC
3890,NAD
3891,NAII
3892,NAK
3893,NAKD
3894,NAN
3895,NANO
3896,NAO
3897,NAOV
3898,NAT
3899,NATH
3900,NATI
3901,NATR
3902,NAV
3903,NAVB
3904,NAVG
3905,NAVI
3906,NAZ
3907,NBB
3908,NBEV
3909,NBH
3910,NBHC
3911,NBIX
3912,NBL
3913,NBLX
3914,NBN
3915,NBO
3916,NBR
3917,NBRV
3918,NBTB
3919,NBW
3920,NBY
3921,NC
3922,NCA
3923,NCB
3924,NCBS
3925,NCI
3926,NCLH
3927,NCMI
3928,NCNA
3929,NCR
3930,NCS
3931,NCSM
3932,NCTY
3933,NCV
3934,NCZ
3935,NDAQ
3936,NDLS
3937,NDP
3938,NDRA
3939,NDRAW
3940,NDSN
3941,NE
3942,NEA
3943,NEBU
3944,NEBUU
3945,NEBUW
3946,NEE
3947,NEM
3948,NEN
3949,NEO
3950,NEOG
3951,NEON
3952,NEOS
3953,NEP
3954,NEPT
3955,NERV
3956,NES
3957,NESR
3958,NESRW
3959,NETE
3960,NETS
3961,NEU
3962,NEV
3963,NEW
3964,NEWA
3965,NEWM
3966,NEWR
3967,NEWT
3968,NEWTI
3969,NEWTZ
3970,NEXA
3971,NEXT
3972,NFBK
3973,NFC
3974,NFE
3975,NFG
3976,NFJ
3977,NFLX
3978,NFTY
3979,NG
3980,NGD
3981,NGG
3982,NGHC
3983,NGHCN
3984,NGHCO
3985,NGHCP
3986,NGHCZ
3987,NGL
3988,NGLS
3989,NGM
3990,NGS
3991,NGVC
3992,NGVT
3993,NH
3994,NHA
3995,NHC
3996,NHF
3997,NHI
3998,NHLD
3999,NHLDW
4000,NHS
4001,NHTC
4002,NI
4003,NICE
4004,NICK
4005,NID
4006,NIE
4007,NIHD
4008,NIM
4009,NINE
4010,NIO
4011,NIQ
4012,NITE
4013,NIU
4014,NJR
4015,NJV
4016,NK
4017,NKE
4018,NKG
4019,NKSH
4020,NKTR
4021,NKX
4022,NL
4023,NLNK
4024,NLS
4025,NLSN
4026,NLY
4027,NM
4028,NMCI
4029,NMFC
4030,NMFX
4031,NMI
4032,NMIH
4033,NMK
4034,NML
4035,NMM
4036,NMR
4037,NMRD
4038,NMRK
4039,NMS
4040,NMT
4041,NMY
4042,NMZ
4043,NNA
4044,NNBR
4045,NNC
4046,NNDM
4047,NNI
4048,NNN
4049,NNVC
4050,NNY
4051,NOA
4052,NOAH
4053,NOC
4054,NODK
4055,NOG
4056,NOK
4057,NOM
4058,NOMD
4059,NOV
4060,NOVN
4061,NOVT
4062,NOW
4063,NP
4064,NPK
4065,NPN
4066,NPO
4067,NPTN
4068,NPV
4069,NQP
4070,NR
4071,NRC
4072,NRCG
4073,NRE
4074,NRG
4075,NRGX
4076,NRIM
4077,NRK
4078,NRO
4079,NRP
4080,NRT
4081,NRZ
4082,NS
4083,NSA
4084,NSC
4085,NSEC
4086,NSIT
4087,NSL
4088,NSP
4089,NSPR
4090,NSS
4091,NSSC
4092,NSTG
4093,NSYS
4094,NTAP
4095,NTB
4096,NTC
4097,NTCT
4098,NTEC
4099,NTES
4100,NTEST
4101,NTG
4102,NTGN
4103,NTGR
4104,NTIC
4105,NTIP
4106,NTLA
4107,NTN
4108,NTNX
4109,NTP
4110,NTR
4111,NTRA
4112,NTRP
4113,NTRS
4114,NTRSP
4115,NTWK
4116,NTX
4117,NTZ
4118,NUAN
4119,NUE
4120,NUM
4121,NUO
4122,NURO
4123,NUROW
4124,NUS
4125,NUV
4126,NUVA
4127,NUW
4128,NVAX
4129,NVCN
4130,NVCR
4131,NVDA
4132,NVEC
4133,NVEE
4134,NVFY
4135,NVG
4136,NVGS
4137,NVIV
4138,NVLN
4139,NVMI
4140,NVMM
4141,NVO
4142,NVR
4143,NVRO
4144,NVS
4145,NVT
4146,NVTA
4147,NVTR
4148,NVUS
4149,NWBI
4150,NWE
4151,NWFL
4152,NWHM
4153,NWL
4154,NWLI
4155,NWN
4156,NWPX
4157,NWS
4158,NWSA
4159,NX
4160,NXC
4161,NXE
4162,NXGN
4163,NXJ
4164,NXN
4165,NXP
4166,NXPI
4167,NXQ
4168,NXR
4169,NXRT
4170,NXST
4171,NXTD
4172,NXTDW
4173,NYCB
4174,NYMT
4175,NYMTN
4176,NYMTO
4177,NYMTP
4178,NYMX
4179,NYNY
4180,NYT
4181,NYV
4182,NZF
4183,O
4184,OAK
4185,OAS
4186,OASM
4187,OBAS
4188,OBCI
4189,OBE
4190,OBLN
4191,OBNK
4192,OBSV
4193,OC
4194,OCC
4195,OCCI
4196,OCCIP
4197,OCFC
4198,OCN
4199,OCSI
4200,OCSL
4201,OCSLL
4202,OCUL
4203,OCX
4204,ODC
4205,ODFL
4206,ODP
4207,ODT
4208,OEC
4209,OESX
4210,OFC
4211,OFED
4212,OFG
4213,OFIX
4214,OFLX
4215,OFS
4216,OFSSL
4217,OFSSZ
4218,OGE
4219,OGEN
4220,OGS
4221,OHAI
4222,OHI
4223,OHRP
4224,OI
4225,OIA
4226,OIBR
4227,OII
4228,OIIM
4229,OIS
4230,OKDCC
4231,OKE
4232,OKTA
4233,OLBK
4234,OLD
4235,OLED
4236,OLLI
4237,OLN
4238,OLP
4239,OMAB
4240,OMAD
4241,OMC
4242,OMCL
4243,OMED
4244,OMER
4245,OMEX
4246,OMF
4247,OMI
4248,OMN
4249,OMP
4250,ON
4251,ONB
4252,ONCE
4253,ONCS
4254,ONCY
4255,ONDK
4256,ONE
4257,ONEQ
4258,ONTX
4259,ONTXW
4260,ONVO
4261,OOMA
4262,OPB
4263,OPBK
4264,OPES
4265,OPESU
4266,OPESW
4267,OPGN
4268,OPGNW
4269,OPHC
4270,OPHT
4271,OPI
4272,OPINI
4273,OPK
4274,OPNT
4275,OPOF
4276,OPP
4277,OPRA
4278,OPRX
4279,OPTN
4280,OPTT
4281,OPY
4282,OR
4283,ORA
4284,ORAN
4285,ORBC
4286,ORC
4287,ORCL
4288,ORG
4289,ORGO
4290,ORGS
4291,ORI
4292,ORIT
4293,ORLY
4294,ORMP
4295,ORN
4296,ORRF
4297,ORTX
4298,OSB
4299,OSBC
4300,OSBCP
4301,OSG
4302,OSIR
4303,OSIS
4304,OSK
4305,OSLE
4306,OSMT
4307,OSN
4308,OSPN
4309,OSS
4310,OSTK
4311,OSUR
4312,OSW
4313,OTEL
4314,OTEX
4315,OTIC
4316,OTIV
4317,OTLK
4318,OTLKW
4319,OTTR
4320,OTTW
4321,OUT
4322,OVBC
4323,OVID
4324,OVLY
4325,OXBR
4326,OXBRW
4327,OXFD
4328,OXLC
4329,OXLCM
4330,OXLCO
4331,OXM
4332,OXSQ
4333,OXSQL
4334,OXSQZ
4335,OXY
4336,OZK
4337,OZM
4338,PAA
4339,PAAS
4340,PAC
4341,PACB
4342,PACD
4343,PACQ
4344,PACQU
4345,PACQW
4346,PACW
4347,PAG
4348,PAGP
4349,PAGS
4350,PAHC
4351,PAI
4352,PAM
4353,PANL
4354,PANW
4355,PAR
4356,PARR
4357,PATI
4358,PATK
4359,PAVM
4360,PAVMW
4361,PAVMZ
4362,PAYC
4363,PAYX
4364,PB
4365,PBA
4366,PBB
4367,PBBI
4368,PBC
4369,PBCT
4370,PBCTP
4371,PBF
4372,PBFX
4373,PBH
4374,PBHC
4375,PBI
4376,PBIP
4377,PBPB
4378,PBR
4379,PBT
4380,PBTS
4381,PBY
4382,PBYI
4383,PCAR
4384,PCB
4385,PCF
4386,PCG
4387,PCH
4388,PCI
4389,PCK
4390,PCM
4391,PCMI
4392,PCN
4393,PCOM
4394,PCQ
4395,PCRX
4396,PCSB
4397,PCTI
4398,PCTY
4399,PCYG
4400,PCYO
4401,PDBC
4402,PDCE
4403,PDCO
4404,PDD
4405,PDEX
4406,PDFS
4407,PDI
4408,PDLB
4409,PDLI
4410,PDM
4411,PDP
4412,PDS
4413,PDSB
4414,PDT
4415,PDVW
4416,PE
4417,PEB
4418,PEBK
4419,PEBO
4420,PED
4421,PEG
4422,PEGA
4423,PEGI
4424,PEI
4425,PEIX
4426,PEN
4427,PENN
4428,PEO
4429,PEP
4430,PER
4431,PERI
4432,PES
4433,PESI
4434,PETQ
4435,PETS
4436,PETX
4437,PETZ
4438,PEY
4439,PEZ
4440,PFBC
4441,PFBI
4442,PFD
4443,PFE
4444,PFF
4445,PFG
4446,PFGC
4447,PFH
4448,PFI
4449,PFIE
4450,PFIN
4451,PFIS
4452,PFL
4453,PFLT
4454,PFM
4455,PFMT
4456,PFN
4457,PFNX
4458,PFO
4459,PFPT
4460,PFS
4461,PFSI
4462,PFSW
4463,PG
4464,PGC
4465,PGJ
4466,PGNX
4467,PGP
4468,PGR
4469,PGRE
4470,PGTI
4471,PGZ
4472,PH
4473,PHAS
4474,PHCF
4475,PHD
4476,PHG
4477,PHI
4478,PHIO
4479,PHIOW
4480,PHK
4481,PHM
4482,PHO
4483,PHT
4484,PHUN
4485,PHUNW
4486,PHX
4487,PI
4488,PICO
4489,PID
4490,PIE
4491,PIH
4492,PIHPP
4493,PII
4494,PIM
4495,PINC
4496,PIO
4497,PIR
4498,PIRS
4499,PIXY
4500,PIY
4501,PIZ
4502,PJC
4503,PJH
4504,PJT
4505,PK
4506,PKBK
4507,PKD
4508,PKE
4509,PKG
4510,PKI
4511,PKO
4512,PKOH
4513,PKW
4514,PKX
4515,PLAB
4516,PLAG
4517,PLAN
4518,PLAY
4519,PLBC
4520,PLCE
4521,PLD
4522,PLG
4523,PLL
4524,PLM
4525,PLNT
4526,PLOW
4527,PLPC
4528,PLSE
4529,PLT
4530,PLUG
4531,PLUS
4532,PLW
4533,PLX
4534,PLXP
4535,PLXS
4536,PLYA
4537,PLYM
4538,PM
4539,PMBC
4540,PMD
4541,PME
4542,PMF
4543,PML
4544,PMM
4545,PMO
4546,PMOM
4547,PMT
4548,PMTS
4549,PMX
4550,PNBK
4551,PNC
4552,PNF
4553,PNFP
4554,PNI
4555,PNM
4556,PNNT
4557,PNQI
4558,PNR
4559,PNRG
4560,PNRL
4561,PNTR
4562,PNW
4563,PODD
4564,POL
4565,POLA
4566,POOL
4567,POPE
4568,POR
4569,POST
4570,POWI
4571,POWL
4572,PPBI
4573,PPC
4574,PPDF
4575,PPG
4576,PPH
4577,PPHI
4578,PPIH
4579,PPL
4580,PPR
4581,PPSI
4582,PPT
4583,PPX
4584,PQG
4585,PRA
4586,PRAA
4587,PRAH
4588,PRAN
4589,PRCP
4590,PRE
4591,PRFT
4592,PRFZ
4593,PRGO
4594,PRGS
4595,PRGX
4596,PRH
4597,PRI
4598,PRIF
4599,PRIM
4600,PRK
4601,PRLB
4602,PRMW
4603,PRN
4604,PRNB
4605,PRO
4606,PROV
4607,PRPH
4608,PRPL
4609,PRPO
4610,PRQR
4611,PRS
4612,PRSC
4613,PRSP
4614,PRT
4615,PRTA
4616,PRTH
4617,PRTK
4618,PRTO
4619,PRTS
4620,PRTY
4621,PRU
4622,PRVB
4623,PS
4624,PSA
4625,PSB
4626,PSC
4627,PSCC
4628,PSCD
4629,PSCE
4630,PSCF
4631,PSCH
4632,PSCI
4633,PSCM
4634,PSCT
4635,PSCU
4636,PSDO
4637,PSEC
4638,PSET
4639,PSF
4640,PSL
4641,PSMT
4642,PSO
4643,PSTG
4644,PSTI
4645,PSX
4646,PSXP
4647,PT
4648,PTC
4649,PTCT
4650,PTE
4651,PTEN
4652,PTF
4653,PTGX
4654,PTH
4655,PTI
4656,PTLA
4657,PTMN
4658,PTN
4659,PTNR
4660,PTR
4661,PTSI
4662,PTVCA
4663,PTVCB
4664,PTY
4665,PUB
4666,PUI
4667,PUK
4668,PULM
4669,PUMP
4670,PUYI
4671,PVAC
4672,PVAL
4673,PVBC
4674,PVG
4675,PVH
4676,PVL
4677,PVT
4678,PVTL
4679,PW
4680,PWOD
4681,PWR
4682,PXD
4683,PXI
4684,PXLW
4685,PXS
4686,PXUS
4687,PY
4688,PYDS
4689,PYN
4690,PYPL
4691,PYS
4692,PYT
4693,PYX
4694,PYZ
4695,PZC
4696,PZG
4697,PZN
4698,PZZA
4699,QABA
4700,QADA
4701,QADB
4702,QAT
4703,QBAK
4704,QCLN
4705,QCOM
4706,QCRH
4707,QD
4708,QDEL
4709,QEP
4710,QES
4711,QFIN
4712,QGEN
4713,QHC
4714,QIWI
4715,QLC
4716,QLYS
4717,QNST
4718,QQEW
4719,QQQ
4720,QQQX
4721,QQXT
4722,QRHC
4723,QRTEA
4724,QRTEB
4725,QRVO
4726,QSR
4727,QTEC
4728,QTNA
4729,QTNT
4730,QTRH
4731,QTRX
4732,QTS
4733,QTT
4734,QTWO
4735,QUAD
4736,QUIK
4737,QUMU
4738,QUOT
4739,QURE
4740,QVCD
4741,QYLD
4742,R
4743,RA
4744,RACE
4745,RAD
4746,RADA
4747,RAIL
4748,RAMP
4749,RAND
4750,RARE
4751,RARX
4752,RAVE
4753,RAVN
4754,RBA
4755,RBB
4756,RBBN
4757,RBC
4758,RBCAA
4759,RBCN
4760,RBKB
4761,RBNC
4762,RBS
4763,RBZ
4764,RC
4765,RCA
4766,RCG
4767,RCI
4768,RCII
4769,RCKT
4770,RCKY
4771,RCL
4772,RCM
4773,RCMT
4774,RCON
4775,RCP
4776,RCS
4777,RCUS
4778,RDC
4779,RDCM
4780,RDFN
4781,RDHL
4782,RDI
4783,RDIB
4784,RDN
4785,RDNT
4786,RDS
4787,RDUS
4788,RDVT
4789,RDVY
4790,RDWR
4791,RDY
4792,RE
4793,RECN
4794,REDU
4795,REED
4796,REFR
4797,REG
4798,REGI
4799,REGN
4800,REI
4801,RELL
4802,RELV
4803,RELX
4804,RENN
4805,REPH
4806,REPL
4807,RES
4808,RESI
4809,RESN
4810,RETA
4811,RETO
4812,REV
4813,REVG
4814,REX
4815,REXR
4816,REZI
4817,RF
4818,RFAP
4819,RFDI
4820,RFEM
4821,RFEU
4822,RFI
4823,RFIL
4824,RFL
4825,RFP
4826,RGA
4827,RGCO
4828,RGEN
4829,RGLD
4830,RGLS
4831,RGNX
4832,RGR
4833,RGS
4834,RGT
4835,RH
4836,RHE
4837,RHI
4838,RHP
4839,RHT
4840,RIBT
4841,RICK
4842,RIF
4843,RIG
4844,RIGL
4845,RILY
4846,RILYG
4847,RILYH
4848,RILYI
4849,RILYL
4850,RILYZ
4851,RING
4852,RIO
4853,RIOT
4854,RIV
4855,RIVE
4856,RJF
4857,RKDA
4858,RL
4859,RLGT
4860,RLGY
4861,RLH
4862,RLI
4863,RLJ
4864,RLM
4865,RM
4866,RMAX
4867,RMBL
4868,RMBS
4869,RMCF
4870,RMD
4871,RMED
4872,RMG
4873,RMI
4874,RMNI
4875,RMPL
4876,RMR
4877,RMT
4878,RMTI
4879,RNDB
4880,RNDM
4881,RNDV
4882,RNEM
4883,RNET
4884,RNG
4885,RNGR
4886,RNLC
4887,RNMC
4888,RNN
4889,RNP
4890,RNR
4891,RNSC
4892,RNST
4893,RNWK
4894,ROAD
4895,ROAN
4896,ROBO
4897,ROBT
4898,ROCK
4899,ROG
4900,ROIC
4901,ROK
4902,ROKU
4903,ROL
4904,ROLL
4905,ROP
4906,ROSE
4907,ROSEU
4908,ROSEW
4909,ROST
4910,ROX
4911,ROYT
4912,RP
4913,RPAI
4914,RPD
4915,RPIBC
4916,RPLA
4917,RPM
4918,RPT
4919,RQI
4920,RRC
4921,RRD
4922,RRGB
4923,RRR
4924,RRTS
4925,RS
4926,RSG
4927,RST
4928,RTEC
4929,RTIX
4930,RTN
4931,RTRX
4932,RTTR
4933,RTW
4934,RUBI
4935,RUBY
4936,RUHN
4937,RUN
4938,RUSHA
4939,RUSHB
4940,RUTH
4941,RVEN
4942,RVI
4943,RVLT
4944,RVNC
4945,RVP
4946,RVSB
4947,RVT
4948,RWGE
4949,RWLK
4950,RWT
4951,RXN
4952,RY
4953,RYAAY
4954,RYAM
4955,RYB
4956,RYI
4957,RYN
4958,RYTM
4959,RZA
4960,RZB
4961,S
4962,SA
4963,SAB
4964,SABR
4965,SACH
4966,SAEX
4967,SAF
4968,SAFE
4969,SAFM
4970,SAFT
4971,SAGE
4972,SAH
4973,SAIA
4974,SAIC
4975,SAIL
4976,SAL
4977,SALM
4978,SALT
4979,SAM
4980,SAMA
4981,SAMAU
4982,SAMAW
4983,SAMG
4984,SAN
4985,SAND          
4986,SANM
4987,SANW
4988,SAP
4989,SAR
4990,SASR
4991,SATS
4992,SAUC
4993,SAVA
4994,SAVE
4995,SB
4996,SBAC
4997,SBBP
4998,SBBX
4999,SBCF
5000,SBFG
5001,SBFGP
5002,SBGI
5003,SBGL
5004,SBH
5005,SBI
5006,SBLK
5007,SBLKZ
5008,SBNA
5009,SBNY
5010,SBOT
5011,SBOW
5012,SBPH
5013,SBR
5014,SBRA
5015,SBS
5016,SBSI
5017,SBT
5018,SBUX
5019,SC
5020,SCA
5021,SCCO
5022,SCD
5023,SCE
5024,SCHL
5025,SCHN
5026,SCHW
5027,SCI
5028,SCKT
5029,SCL
5030,SCM
5031,SCON
5032,SCOR
5033,SCPH
5034,SCS
5035,SCSC
5036,SCVL
5037,SCWX
5038,SCX
5039,SCYX
5040,SCZ
5041,SD
5042,SDG
5043,SDI
5044,SDLP
5045,SDPI
5046,SDR
5047,SDRL
5048,SDT
5049,SDVY
5050,SE
5051,SEAC
5052,SEAS
5053,SEB
5054,SECO
5055,SEDG
5056,SEE
5057,SEED
5058,SEEL
5059,SEIC
5060,SELB
5061,SELF
5062,SEM
5063,SEMG
5064,SENEA
5065,SENEB
5066,SENS
5067,SERV
5068,SES
5069,SESN
5070,SF
5071,SFB
5072,SFBC
5073,SFBS
5074,SFE
5075,SFET
5076,SFIX
5077,SFL
5078,SFLY
5079,SFM
5080,SFNC
5081,SFS
5082,SFST
5083,SFUN
5084,SG
5085,SGA
5086,SGB
5087,SGBX
5088,SGC
5089,SGEN
5090,SGH
5091,SGLB
5092,SGLBW
5093,SGMA
5094,SGMO
5095,SGMS
5096,SGOC
5097,SGRP
5098,SGRY
5099,SGU
5100,SHAK
5101,SHBI
5102,SHEN
5103,SHG
5104,SHI
5105,SHIP
5106,SHIPW
5107,SHLL
5108,SHLO
5109,SHLX
5110,SHO
5111,SHOO
5112,SHOP
5113,SHOS
5114,SHSP
5115,SHV
5116,SHW
5117,SHY
5118,SIBN
5119,SIC
5120,SID
5121,SIEB
5122,SIEN
5123,SIF
5124,SIFI
5125,SIFY
5126,SIG
5127,SIGA
5128,SIGI
5129,SILC
5130,SILK
5131,SILV
5132,SIM
5133,SIMO
5134,SINA
5135,SINO
5136,SINT
5137,SIRI
5138,SITC
5139,SITE
5140,SITO
5141,SIVB
5142,SIX
5143,SJI
5144,SJIU
5145,SJM
5146,SJR
5147,SJT
5148,SJW
5149,SKIS
5150,SKM
5151,SKOR
5152,SKT
5153,SKX
5154,SKY
5155,SKYS
5156,SKYW
5157,SKYY
5158,SLAB
5159,SLB
5160,SLCA
5161,SLCT
5162,SLDB
5163,SLF
5164,SLG
5165,SLGG
5166,SLGL
5167,SLGN
5168,SLIM
5169,SLM
5170,SLMBP
5171,SLNO
5172,SLNOW
5173,SLP
5174,SLQD
5175,SLRC
5176,SLS
5177,SLTB
5178,SLVO
5179,SM
5180,SMAR
5181,SMBC
5182,SMBK
5183,SMCP
5184,SMED
5185,SMFG
5186,SMG
5187,SMHI
5188,SMI
5189,SMIT
5190,SMLP
5191,SMM
5192,SMMF
5193,SMMT
5194,SMP
5195,SMPL
5196,SMRT
5197,SMSI
5198,SMTA
5199,SMTC
5200,SMTS
5201,SMTX
5202,SNA
5203,SNAP
5204,SNBR
5205,SNCR
5206,SND
5207,SNDE
5208,SNDR
5209,SNDX
5210,SNE
5211,SNES
5212,SNFCA
5213,SNGX
5214,SNGXW
5215,SNH
5216,SNHNI
5217,SNHNL
5218,SNHY
5219,SNLN
5220,SNMP
5221,SNN
5222,SNNA
5223,SNOA
5224,SNOAW
5225,SNP
5226,SNPS
5227,SNR
5228,SNSR
5229,SNSS
5230,SNV
5231,SNX
5232,SNY
5233,SO
5234,SOCL
5235,SOGO
5236,SOHO
5237,SOHOB
5238,SOHOK
5239,SOHOO
5240,SOHU
5241,SOI
5242,SOJA
5243,SOJB
5244,SOJC
5245,SOL
5246,SOLO
5247,SOLOW
5248,SOLY
5249,SON
5250,SONA
5251,SONO
5252,SOR
5253,SORL
5254,SOXX
5255,SP
5256,SPAQ
5257,SPAR
5258,SPB           
5259,SPCB
5260,SPE
5261,SPEX
5262,SPG
5263,SPGI
5264,SPH
5265,SPHS
5266,SPI
5267,SPKE
5268,SPKEP
5269,SPLK
5270,SPLP
5271,SPN
5272,SPNE
5273,SPNS
5274,SPOK
5275,SPOT
5276,SPPI
5277,SPR
5278,SPRO
5279,SPRT
5280,SPSC
5281,SPTN
5282,SPWH
5283,SPWR
5284,SPXC
5285,SPXX
5286,SQ
5287,SQBG
5288,SQLV
5289,SQM
5290,SQNS
5291,SQQQ
5292,SR
5293,SRAX
5294,SRC
5295,SRCE
5296,SRCI
5297,SRCL
5298,SRDX
5299,SRE
5300,SRET
5301,SREV
5302,SRF
5303,SRG
5304,SRI
5305,SRLP
5306,SRNE
5307,SRPT
5308,SRRA
5309,SRRK
5310,SRT
5311,SRTS
5312,SRTSW
5313,SRV
5314,SSB
5315,SSBI
5316,SSD
5317,SSFN
5318,SSI
5319,SSKN
5320,SSL
5321,SSLJ
5322,SSNC
5323,SSNT
5324,SSP
5325,SSRM
5326,SSTI
5327,SSTK
5328,SSW
5329,SSWA
5330,SSWN
5331,SSY
5332,SSYS
5333,ST
5334,STAA
5335,STAF
5336,STAG
5337,STAR
5338,STAR          
5339,STAY
5340,STBA
5341,STC
5342,STCN
5343,STE
5344,STFC
5345,STG
5346,STI
5347,STIM
5348,STK
5349,STKL
5350,STKS
5351,STL
5352,STLD
5353,STM
5354,STML
5355,STMP
5356,STN
5357,STND
5358,STNE
5359,STNG
5360,STNL
5361,STNLU
5362,STNLW
5363,STON
5364,STOR
5365,STPP
5366,STRA
5367,STRL
5368,STRM
5369,STRO
5370,STRS
5371,STRT
5372,STT
5373,STWD
5374,STX
5375,STXB
5376,STZ
5377,SU
5378,SUI
5379,SUM
5380,SUMR
5381,SUN
5382,SUNS
5383,SUNW
5384,SUP
5385,SUPN
5386,SUPV
5387,SURF
5388,SUSB
5389,SUSC
5390,SUZ
5391,SVA
5392,SVBI
5393,SVM
5394,SVMK
5395,SVRA
5396,SVT
5397,SVVC
5398,SWAV
5399,SWCH
5400,SWI
5401,SWIR
5402,SWJ
5403,SWK
5404,SWKS
5405,SWM
5406,SWN
5407,SWP
5408,SWX
5409,SWZ
5410,SXC
5411,SXCP
5412,SXI
5413,SXT
5414,SXTC
5415,SYBT
5416,SYBX
5417,SYF
5418,SYK
5419,SYKE
5420,SYMC
5421,SYN
5422,SYNA
5423,SYNC
5424,SYNH
5425,SYNL
5426,SYPR
5427,SYRS
5428,SYX
5429,SYY
5430,SZC
5431,T
5432,TA
5433,TAC
5434,TACO
5435,TACOW
5436,TACT
5437,TAIT
5438,TAK
5439,TAL
5440,TALO
5441,TANH
5442,TANNI
5443,TANNL
5444,TANNZ
5445,TAOP
5446,TAP
5447,TAPR
5448,TARO
5449,TAST
5450,TAT
5451,TATT
5452,TAYD
5453,TBB
5454,TBBK
5455,TBC
5456,TBI
5457,TBIO
5458,TBK
5459,TBLT
5460,TBLTU
5461,TBLTW
5462,TBNK
5463,TBPH
5464,TBRG
5465,TBRGU
5466,TBRGW
5467,TC
5468,TCBI
5469,TCBIL
5470,TCBIP
5471,TCBK
5472,TCCO
5473,TCDA
5474,TCF
5475,TCFC
5476,TCGP
5477,TCI
5478,TCMD
5479,TCO
5480,TCON
5481,TCP
5482,TCPC
5483,TCRD
5484,TCRR
5485,TCRW
5486,TCRZ
5487,TCS
5488,TCX
5489,TD
5490,TDA
5491,TDAC
5492,TDACU
5493,TDACW
5494,TDC
5495,TDE
5496,TDF
5497,TDG
5498,TDI
5499,TDIV
5500,TDJ
5501,TDOC
5502,TDS
5503,TDW
5504,TDY
5505,TEAF
5506,TEAM
5507,TECD
5508,TECH
5509,TECK
5510,TEDU
5511,TEF
5512,TEI
5513,TEL
5514,TELL
5515,TEN
5516,TENB
5517,TENX
5518,TEO
5519,TER
5520,TERP
5521,TESS
5522,TEUM
5523,TEVA
5524,TEX
5525,TFSL
5526,TFX
5527,TG
5528,TGA
5529,TGB
5530,TGC
5531,TGE
5532,TGEN
5533,TGH
5534,TGI
5535,TGLS
5536,TGNA
5537,TGP
5538,TGS
5539,TGT
5540,TGTX
5541,TH
5542,THC
5543,THCB
5544,THCBU
5545,THCBW
5546,THFF
5547,THG
5548,THGA
5549,THM
5550,THO
5551,THOR
5552,THQ
5553,THR
5554,THRM
5555,THS
5556,THW
5557,THWWW
5558,TI
5559,TIBR
5560,TIBRU
5561,TIBRW
5562,TIER
5563,TIF
5564,TIGO
5565,TIGR
5566,TILE
5567,TIPT
5568,TISA
5569,TISI
5570,TITN
5571,TIVO
5572,TJX
5573,TK
5574,TKAT
5575,TKC
5576,TKKS
5577,TKKSR
5578,TKKSU
5579,TKKSW
5580,TKR
5581,TLC
5582,TLF
5583,TLGT
5584,TLI
5585,TLK
5586,TLND
5587,TLRA
5588,TLRD
5589,TLRY
5590,TLSA
5591,TLT
5592,TLYS
5593,TM
5594,TMCX
5595,TMCXU
5596,TMCXW
5597,TMDI
5598,TME
5599,TMHC
5600,TMK
5601,TMO
5602,TMP
5603,TMQ
5604,TMSR
5605,TMST
5606,TMUS
5607,TNAV
5608,TNC
5609,TNDM
5610,TNET
5611,TNK
5612,TNP
5613,TNXP
5614,TOCA
5615,TOL
5616,TOO
5617,TOPS
5618,TORC
5619,TOT
5620,TOTA
5621,TOTAR
5622,TOTAU
5623,TOTAW
5624,TOUR
5625,TOWN
5626,TOWR
5627,TPB
5628,TPC
5629,TPCO
5630,TPGH
5631,TPH
5632,TPHS
5633,TPIC
5634,TPL
5635,TPNL
5636,TPR
5637,TPRE
5638,TPVG
5639,TPVY
5640,TPX
5641,TPZ
5642,TQQQ
5643,TR
5644,TRC
5645,TRCB
5646,TRCH
5647,TRCO
5648,TREC
5649,TREE
5650,TREX
5651,TRGP
5652,TRHC
5653,TRI
5654,TRIB
5655,TRIL
5656,TRIP
5657,TRK
5658,TRMB
5659,TRMD
5660,TRMK
5661,TRMT
5662,TRN
5663,TRNE
5664,TRNO
5665,TRNS
5666,TRNX
5667,TROV
5668,TROW
5669,TROX
5670,TRP
5671,TRPX
5672,TRQ
5673,TRS
5674,TRST
5675,TRT
5676,TRTN
5677,TRTX
5678,TRU
5679,TRUE
5680,TRUP
5681,TRV
5682,TRVG
5683,TRVN
5684,TRWH
5685,TRX
5686,TRXC
5687,TS
5688,TSBK
5689,TSC
5690,TSCAP
5691,TSCO
5692,TSE
5693,TSEM
5694,TSG
5695,TSI
5696,TSLA
5697,TSLF
5698,TSLX
5699,TSM
5700,TSN
5701,TSQ
5702,TSRI
5703,TSS
5704,TST
5705,TSU
5706,TTC
5707,TTD
5708,TTEC
5709,TTEK
5710,TTGT
5711,TTI
5712,TTM
5713,TTMI
5714,TTNP
5715,TTOO
5716,TTP
5717,TTPH
5718,TTS
5719,TTTN
5720,TTWO
5721,TU
5722,TUES
5723,TUP
5724,TUR
5725,TURN
5726,TUSA
5727,TUSK
5728,TV
5729,TVC
5730,TVE
5731,TVIX
5732,TVPT
5733,TVTY
5734,TW
5735,TWI
5736,TWIN
5737,TWLO
5738,TWLV
5739,TWLVR
5740,TWLVU
5741,TWLVW
5742,TWMC
5743,TWN
5744,TWNK
5745,TWNKW
5746,TWO
5747,TWOU
5748,TWST
5749,TWTR
5750,TX
5751,TXMD
5752,TXN
5753,TXRH
5754,TXT
5755,TY
5756,TYG
5757,TYHT
5758,TYL
5759,TYME
5760,TYPE
5761,TZAC
5762,TZACU
5763,TZACW
5764,TZOO
5765,UA
5766,UAA
5767,UAE
5768,UAL
5769,UAMY
5770,UAN
5771,UAVS
5772,UBA
5773,UBCP
5774,UBFO
5775,UBIO
5776,UBNK
5777,UBNT
5778,UBOH
5779,UBP
5780,UBS
5781,UBSH
5782,UBSI
5783,UBX
5784,UCBI
5785,UCFC
5786,UCTT
5787,UDR
5788,UE
5789,UEC
5790,UEIC
5791,UEPS
5792,UFAB
5793,UFCS
5794,UFI
5795,UFPI
5796,UFPT
5797,UFS
5798,UG
5799,UGI
5800,UGLD
5801,UGP
5802,UHAL
5803,UHS
5804,UHT
5805,UIHC
5806,UIS
5807,UL
5808,ULBI
5809,ULH
5810,ULTA
5811,ULTI
5812,UMBF
5813,UMC
5814,UMH
5815,UMPQ
5816,UMRX
5817,UN
5818,UNAM
5819,UNB
5820,UNF
5821,UNFI
5822,UNH
5823,UNIT
5824,UNM
5825,UNMA
5826,UNP
5827,UNT
5828,UNTY
5829,UNVR
5830,UONE
5831,UONEK
5832,UPL
5833,UPLD
5834,UPS
5835,UPWK
5836,UQM
5837,URBN
5838,URG
5839,URGN
5840,URI
5841,UROV
5842,USA
5843,USAC
5844,USAK
5845,USAP
5846,USAS
5847,USAT
5848,USATP
5849,USAU
5850,USB
5851,USCR
5852,USDP
5853,USEG
5854,USFD
5855,USG
5856,USIG
5857,USLB
5858,USLM
5859,USLV
5860,USM
5861,USMC
5862,USNA
5863,USOI
5864,USPH
5865,USWS
5866,USWSW
5867,USX
5868,UTF
5869,UTG
5870,UTHR
5871,UTI
5872,UTL
5873,UTMD
5874,UTSI
5875,UTX
5876,UUU
5877,UUUU
5878,UVE
5879,UVSP
5880,UVV
5881,UWN
5882,UXIN
5883,UZA
5884,UZB
5885,UZC
5886,V
5887,VAC
5888,VALE
5889,VALU
5890,VALX
5891,VAM
5892,VAPO
5893,VAR
5894,VBF
5895,VBFC
5896,VBIV
5897,VBLT
5898,VBND
5899,VBTX
5900,VC
5901,VCEL
5902,VCF
5903,VCIT
5904,VCLT
5905,VCNX
5906,VCRA
5907,VCSH
5908,VCTR
5909,VCV
5910,VCYT
5911,VEAC
5912,VEACU
5913,VEACW
5914,VEC
5915,VECO
5916,VEDL
5917,VEEV
5918,VEON
5919,VER
5920,VERB
5921,VERBW
5922,VERI
5923,VERU
5924,VET
5925,VETS
5926,VFC
5927,VFF
5928,VFL
5929,VG
5930,VGI
5931,VGIT
5932,VGLT
5933,VGM
5934,VGR
5935,VGSH
5936,VGZ
5937,VHC
5938,VHI
5939,VIA
5940,VIAB
5941,VIAV
5942,VICI
5943,VICL
5944,VICR
5945,VIDI
5946,VIGI
5947,VIIX
5948,VIOT
5949,VIPS
5950,VIRC
5951,VIRT
5952,VISI
5953,VISL
5954,VIV
5955,VIVE
5956,VIVO
5957,VJET
5958,VKI
5959,VKQ
5960,VKTX
5961,VKTXW
5962,VLGEA
5963,VLO
5964,VLRS
5965,VLRX
5966,VLT
5967,VLY
5968,VLYPO
5969,VLYPP
5970,VMBS
5971,VMC
5972,VMI
5973,VMM
5974,VMO
5975,VMW
5976,VNCE
5977,VNDA
5978,VNE
5979,VNET
5980,VNO
5981,VNOM
5982,VNQI
5983,VNRX
5984,VNTR
5985,VOC
5986,VOD
5987,VONE
5988,VONG
5989,VONV
5990,VOXX
5991,VOYA
5992,VPG
5993,VPV
5994,VRA
5995,VRAY
5996,VRCA
5997,VREX
5998,VRIG
5999,VRML
6000,VRNA
6001,VRNS
6002,VRNT
6003,VRRM
6004,VRS
6005,VRSK
6006,VRSN
6007,VRTS
6008,VRTSP
6009,VRTU
6010,VRTV
6011,VRTX
6012,VSAT
6013,VSDA
6014,VSEC
6015,VSH
6016,VSI
6017,VSLR
6018,VSM
6019,VSMV
6020,VST
6021,VSTM
6022,VSTO
6023,VTA
6024,VTC
6025,VTGN
6026,VTHR
6027,VTIP
6028,VTIQ
6029,VTIQU
6030,VTIQW
6031,VTL
6032,VTN
6033,VTNR
6034,VTR
6035,VTSI
6036,VTVT
6037,VTWG
6038,VTWO
6039,VTWV
6040,VUSE
6041,VUZI
6042,VVI
6043,VVPR
6044,VVR
6045,VVUS
6046,VVV
6047,VWOB
6048,VXRT
6049,VXUS
6050,VYGR
6051,VYMI
6052,VZ
6053,W
6054,WAAS
6055,WAB
6056,WABC
6057,WAFD
6058,WAGE
6059,WAIR
6060,WAL
6061,WALA
6062,WASH
6063,WAT
6064,WATT
6065,WB
6066,WBA
6067,WBAI
6068,WBC
6069,WBK
6070,WBND
6071,WBS
6072,WBT
6073,WCC
6074,WCFB
6075,WCG
6076,WCN
6077,WD
6078,WDAY
6079,WDC
6080,WDFC
6081,WDR
6082,WEA
6083,WEBK
6084,WEC
6085,WEI
6086,WELL
6087,WEN
6088,WERN
6089,WES
6090,WETF
6091,WEX
6092,WEYS
6093,WF
6094,WFC
6095,WFE
6096,WFT
6097,WGO
6098,WH
6099,WHD
6100,WHF
6101,WHFBZ
6102,WHG
6103,WHLM
6104,WHLR
6105,WHLRD
6106,WHLRP
6107,WHLRW
6108,WHR
6109,WIA
6110,WIFI
6111,WILC
6112,WINA
6113,WINC
6114,WING
6115,WINS
6116,WIRE
6117,WISA
6118,WIT
6119,WIW
6120,WIX
6121,WK
6122,WKHS
6123,WLDN
6124,WLFC
6125,WLH
6126,WLK
6127,WLKP
6128,WLL
6129,WLTW
6130,WM
6131,WMB
6132,WMC
6133,WMGI
6134,WMK
6135,WMS
6136,WMT
6137,WNC
6138,WNEB
6139,WNS
6140,WOOD
6141,WOR
6142,WORX
6143,WOW
6144,WP
6145,WPC
6146,WPG
6147,WPM
6148,WPP
6149,WPRT
6150,WPX
6151,WRB
6152,WRE
6153,WRI
6154,WRK
6155,WRLD
6156,WRLS
6157,WRLSR
6158,WRLSU
6159,WRLSW
6160,WRN
6161,WRTC
6162,WSBC
6163,WSBF
6164,WSC
6165,WSFS
6166,WSM
6167,WSO
6168,WSR
6169,WST
6170,WSTG
6171,WSTL
6172,WTBA
6173,WTER
6174,WTFC
6175,WTFCM
6176,WTI
6177,WTM
6178,WTR
6179,WTRE
6180,WTRH
6181,WTS
6182,WTT
6183,WTTR
6184,WTW
6185,WU
6186,WUBA
6187,WVE
6188,WVFC
6189,WVVI
6190,WVVIP
6191,WWD
6192,WWE
6193,WWR
6194,WWW
6195,WY
6196,WYND
6197,WYNN
6198,WYY
6199,X
6200,XAN
6201,XBIO
6202,XBIT
6203,XEC
6204,XEL
6205,XELA
6206,XELB
6207,XENE
6208,XENT
6209,XERS
6210,XFLT
6211,XFOR
6212,XHR
6213,XIN
6214,XLNX
6215,XLRN
6216,XNCR
6217,XNET
6218,XOG
6219,XOM
6220,XOMA
6221,XON
6222,XONE
6223,XPER
6224,XPL
6225,XPO
6226,XRAY
6227,XRF
6228,XRX
6229,XSPA
6230,XT
6231,XTLB
6232,XTNT
6233,XXII
6234,XYF
6235,XYL
6236,Y
6237,YELP
6238,YETI
6239,YEXT
6240,YGYI
6241,YI
6242,YIN
6243,YLCO
6244,YLDE
6245,YMAB
6246,YNDX
6247,YOGA
6248,YORW
6249,YPF
6250,YRCW
6251,YRD
6252,YRIV
6253,YTEN
6254,YTRA
6255,YUM
6256,YUMA
6257,YUMC
6258,YVR
6259,YY
6260,Z
6261,ZAGG
6262,ZAYO
6263,ZB
6264,ZBH
6265,ZBIO
6266,ZBK
6267,ZBRA
6268,ZDGE
6269,ZEAL
6270,ZEN
6271,ZEUS
6272,ZF
6273,ZFGN
6274,ZG
6275,ZGNX
6276,ZION
6277,ZIONW
6278,ZIOP
6279,ZIV
6280,ZIXI
6281,ZKIN
6282,ZLAB
6283,ZN
6284,ZNGA
6285,ZNH
6286,ZNWAA
6287,ZOM
6288,ZS
6289,ZSAN
6290,ZTEST
6291,ZTO
6292,ZTR
6293,ZTS
6294,ZUMZ
6295,ZUO
6296,ZYME
6297,ZYNE
6298,ZYXI
